Event name (cohort),Loss date,Territorial Location,Basis of settlement,Natural hazard type,Damaged land description,Damaged land area (m2),Total insured land area (m2),Insured land structures damaged,Shared or common land,Imminent Damage,Value of imminent damage,Maori Land,"Is the damaged land directly supporting or protecting the dwelling, accessway, or appurtenant structures?",Indicative land repair cost ($),Land valuation cap ($),Undepreciated repair cost for damaged land structures ($),Indemnity value of damaged land structures ($),Imminent Risk to Building ($),Settlement amount ($),Financial difference between the settlement amount and the indicative cost to repair the damage ($),Expert cost: Engineering ($),Expert cost: Valuer ($),Expert cost: other ($),Time to close claim (days),limited or no info,Incl in final cohort?,Excess ($),Number of dwellings
NHI Act,2025-05-09 00:00:00,WAIKATO DISTRICT,Valuation,Landslip,Evacuation/Inundation,9.5,450.0,No,No,Yes,5300,No,Yes - dwelling,41645.07,21500.0,0,0,0.0,21500.0,20145.07,7802.0,1035.0,3839.85,121,0,Y,500,1
NHI Act,2024-09-17 00:00:00,PORIRUA CITY,Remediation,Landslip,"cracking, rotation, evacuation, displacement, interior damage",57.0,1416.0,Yes,No,Yes,8700,No,Yes - dwelling,82334.0,111200.0,59758,0,0.0,82334.0,0.0,15562.0,1159.0,7630.0,268,0,Y,500,1
NHI Act,2025-05-01 00:00:00,CHRISTCHURCH CITY,Valuation,Storm,Evacuation & Scour,6.2,1000.0,Yes,No,Yes,550,No,Yes - Accessway,130315.7,31550.0,100415.7,0,0.0,31550.0,98765.7,9775.0,517.5,0.0,134,0,Y,500,1
NHI Act,2025-07-11 00:00:00,TASMAN DISTRICT,Remediation,Flood,silt inundation  & evacuation,215.6,4000.0,No,No,No,0,0,Yes - Accessway,5933.08,40300.0,0,0,0.0,5933.08,0.0,0.0,1533.01,6393.72,210,0,Y,500,1
NHI Act,2025-07-06 00:00:00,MANAWATU DISTRICT,Valuation,Landslip,Inundation / RTW,15.0,350.0,Yes,No,No,0,No,Yes - combination,48543.43,17430.24,11780.24,0,0.0,17430.24,31113.19,11530.77,805.0,7494.4,170,0,Y,500,1
NHI Act,2025-07-11 00:00:00,TASMAN DISTRICT,Remediation,Flood,flood water damage to driveway,310.0,4000.0,No,No,No,0,No,Yes - Accessway,9104.72,34900.0,0,0,0.0,9104.72,0.0,0.0,1364.64,380.59,48,0,Y,500,1
NHI Act,2025-07-11 00:00:00,TASMAN DISTRICT,Valuation,Landslip,evacuation land,49.0,4000.0,No,No,Yes,200,No,Yes - combination,40122.18,3900.0,0,0,0.0,3900.0,36222.18,6493.68,184.0,862.5,225,0,Y,1000,1
NHI Act,2024-09-03 00:00:00,Wellington City,Valuation,Landslip,evacuation of land,7.5,4000.0,No,Yes,Yes,11500,No,Yes - Accessway,12815.38,2880.0,0,0,0.0,2880.0,9935.38,0.0,0.0,0.0,73,0.2,Y,500,1
NHI Act,2025-05-18 00:00:00,WELLINGTON CITY,Valuation,Landslip,"evacuation of land, collapse & damaged RTW, inundation on accessway",20.0,262.0,Yes,Yes,Yes,7450,No,Yes - combination,43820.94,32399.45,8441.11,0,1537.33,32399.44,11421.5,17434.35,1782.5,8542.44,128,0,Y,500,1
NHI Act,2024-10-05 00:00:00,CLUTHA DISTRICT,Remediation,Landslip,inundation ,377.6,4000.0,No,No,No,0,No,Yes - combination,21638.3,59057.66,0,0,0.0,21638.3,0.0,0.0,0.0,0.0,66,0,Y,500,1
NHI Act,2025-07-29 00:00:00,OPOTIKI DISTRICT,Valuation,Landslip,Evacuation and Inundation to accessway,28.5,2175.0,No,Yes,Yes,325,No,Yes - Accessway,49732.0,2625.0,0,0,0.0,2625.0,47107.0,0.0,0.0,3230.12,88,Multi-party land claim - fees paid by lead,Y,500,1
NHI Act,2024-09-17 00:00:00,AUCKLAND,Remediation,Storm,Inundation,4.5,400.0,Yes,No,Yes,390,No,Yes - dwelling,5895.23,27320.5,23620.5,0,0.0,5895.23,0.0,14730.93,1184.5,13364.5,336,0,Y,500,1
NHI Act,2025-07-03 00:00:00,TASMAN DISTRICT,Remediation,Landslip,Inundation/Scour ,571.0,4000.0,No,No,Yes,0,No,No,23129.14,50100.0,0,0,0.0,23129.14,0.0,9197.13,1104.0,2610.0,211,0,Y,500,1
NHI Act,2025-06-05 00:00:00,TIMARU DISTRICT,Remediation,Flood,Evacuation main access way,85.0,4000.0,No,No,No,0,No,Yes - Accessway,5689.0,9500.0,0,0,0.0,5689.0,0.0,0.0,517.5,0.0,43,0,Y,500,1
NHI Act,2025-05-10 00:00:00,TAURANGA CITY,Valuation,Landslip,"Evacuation, inundation, RTW and  stormwater pipe damage",7.5,350.0,Yes,No,Yes,850,No,Yes - dwelling,45486.27,22629.21,20179.31,0,625.86,23255.07,22231.2,7225.34,1059.44,5229.85,107,0,Y,500,1
NHI Act,2024-10-04 00:00:00,DUNEDIN CITY,Valuation,Landslip,Evacuation land,101.0,500.0,No,No,Yes,4850,No,0,122241.68,18070.0,0,0,0.0,18070.0,104171.68,9247.77,1121.25,6484.45,143,0,Y,500,1
NHI Act,2025-05-01 00:00:00,SELWYN DISTRICT,Remediation,Flood,Scour,67.5,4000.0,No,No,No,0,No,Yes - Accessway,4508.0,15200.0,0,0,0.0,4508.0,0.0,0.0,0.0,920.0,106,0,Y,500,1
NHI Act,2025-06-27 00:00:00,TASMAN DISTRICT,Remediation,Flood,Silt,1513.5,4231.0,No,No,No,0,No,Yes - Accessway,12070.0,128783.72,0,0,0.0,12070.0,0.0,0.0,0.0,1987.32,140,0,Y,500,1
NHI Act,2024-12-27 00:00:00,HASTINGS DISTRICT,Valuation,Storm,Scour,16.75,4000.0,No,Yes,No,0,No,Yes - Accessway,2382.0,7613.71,0,0,0.0,2382.0,0.0,0.0,0.0,4182.73,536,0,Y,500,1
NHI Act,2025-05-18 00:00:00,WELLINGTON CITY,Valuation,Landslip,Inundation of insured land on the accessway.,34.0,375.0,Yes,Yes,No,0,No,Yes - Accessway,14922.88,7930.99,3864.33,0,0.0,7930.99,6991.89,0.0,0.0,19872.0,126,0,Y,500,1
NHI Act,2025-06-13 00:00:00,LOWER HUTT CITY,Valuation,Landslip,Inundation,3.0,0.0,No,No,No,0,No,Yes - dwelling,34750.19,1500.0,0,0,0.0,1500.0,33250.19,6766.31,805.0,5060.29,99,0,Y,500,1
NHI Act,2025-04-17 00:00:00,KAIPARA DISTRICT,Valuation,Landslip,Evac & Inundation,30.5,4000.0,No,No,Yes,1400,No,Yes - combination,48137.38,6100.0,0,0,0.0,6100.0,42037.38,8454.23,1747.08,5177.33,119,0,Y,500,1
NHI Act,2025-05-01 00:00:00,WELLINGTON CITY,Valuation,Landslip,"Evacuation, Inundation RTW",21.0,426.0,Yes,No,Yes,3050,No,Yes - combination,135793.52,70730.51,47180.51,0,7961.98,78692.49,57101.03,6548.76,977.5,6349.51,219,0,Y,500,1
NHI Act,2025-06-10 00:00:00,WESTERN BAY OF PLENTY DISTRICT,Valuation,Landslip,Inundation of insured land on the accessway.,80.0,4000.0,No,Yes,0,0,No,Yes - Accessway,6991.12,3900.0,0,0,0.0,3900.0,3091.12,7075.03,1092.5,6789.14,205,0,Y,500,1
NHI Act,2024-10-03 00:00:00,WAITAKI DISTRICT,Valuation,Landslip,"Evacuation, Inundation RTW",1.5,300.0,Yes,No,0,0,No,Yes - appurtenant structure,13553.34,6340.64,5690.64,0,0.0,6340.64,7212.7,7972.61,1974.69,4663.67,190,0,Y,500,1
NHI Act,2025-07-03 00:00:00,NEW PLYMOUTH DISTRICT,Valuation,Landslip,Evacuation,1.0,300.0,No,No,No,0,No,Yes - dwelling,38071.95,1920.0,00:00:00,0,0.0,1920.0,36151.95,7170.83,805.0,5589.54,126,0,Y,500,1
NHI Act,2025-08-05 00:00:00,TASMAN DISTRICT,Valuation,Landslip,"Evacuation, Inundation",10.5,809.0,No,No,Yes,800,No,Yes - combination,45117.22,2800.0,0,0,1732.17,4532.17,40585.05,5582.57,1318.82,4717.3,111,0,Y,500,1
NHI Act,2025-05-05 00:00:00,AUCKLAND,Valuation,Landslip,Evac & Inundation,3.0,400.0,No,No,Yes,1110,No,Yes - dwelling,9639.59,6660.0,0,0,0.0,6660.0,2979.59,5842.0,1248.68,2118.79,112,0,Y,500,1
NHI Act,2026-01-03 00:00:00,SOUTH WAIKATO DISTRICT,Valuation,Landslip,RTW and inundation,7.5,2500.0,Yes,No,No,0,No,Yes - dwelling,34743.91,29836.1,27361.1,0,0.0,29836.1,4907.81,5750.0,1035.0,4062.72,51,0,Y,500,1
NHI Act,2025-07-11 00:00:00,TASMAN DISTRICT,Valuation,Flood,x4 Landslides & RTW,60.0,3620.0,Yes,No,Yes,2300,No,Yes - combination,146251.28,53276.34,47676.34,0,1492.7,54769.04,91482.24,10301.71,1046.5,3449.0,185,0,Y,1000,2
NHI Act,2025-06-27 00:00:00,TASMAN DISTRICT,Remediation,Flood,Silt & Debris,51.3,6.1528,No,No,No,0,No,Yes - Accessway,3052.35,6750.0,0,0,0.0,3052.35,0.0,0.0,920.0,653.66,46,0,Y,500,1
NHI Act,2024-08-17 00:00:00,PALMERSTON NORTH CITY,Valuation,Flood,Flood & Bridge Damage,20.5,3500.0,Yes,No,Yes,1530,No,Yes - combination,96343.55,32440.0,75445.49,0,0.0,32440.0,63903.55,6891.4,920.0,7494.72,173,0,Y,500,1
NHI Act,2024-10-04 00:00:00,DUNEDIN CITY,Valuation,Landslip,Landslip ,11.5,400.0,No,No,Yes,460,No,Yes - combination,24922.52,2660.0,0,0,0.0,2660.0,22262.52,977.5,207.0,2979.63,245, ,Y,500,1
NHI Act,2025-07-02 00:00:00,WELLINGTON CITY,Valuation,Landslip,Landslide,22.5,852.0,No,Yes,Yes,13980,No,Yes - combination,94018.96,15920.0,0,0,0.0,15920.0,78098.96,0.0,0.0,2643.92,155,0,Y,500,1
NHI Act,2025-05-10 00:00:00,AUCKLAND,Remediation,Flood,Evacuation,1.5,722.0,No,Yes,No,0,No,Yes - dwelling,790.98,3895.43,0,0,0.0,790.98,0.0,4667.85,0.0,2559.51,257,0,Y,500,1
NHI Act,2025-07-12 00:00:00,OPOTIKI DISTRICT,Valuation,Landslip,Evac & RTW,3.5,400.0,Yes,No,Yes,800,No,Yes - dwelling,42075.42,20616.39,17916.39,0,8713.53,29329.92,12745.5,7713.63,1092.5,4644.39,91,0,Y,500,1
NHI Act,2025-06-27 00:00:00,MARLBOROUGH DISTRICT,Remediation,Storm,Evacuation,380.0,0.0,No,No,No,0,No,Yes - combination,6881.56,48750.0,0,0,0.0,6881.56,0.0,1207.5,0.0,1909.0,60,0,Y,500,1
NHI Act,2025-04-18 00:00:00,AUCKLAND,Remediation,Flood,Flood scour,2.0,0.0,No,Yes,No,0,No,No,731.57,2937.6,0,0,0.0,731.57,0.0,0.0,0.0,2040.53,56,0,Y,500,1
NHI Act,2024-10-04 00:00:00,DUNEDIN CITY,Remediation,Landslip,Land Inundation,40.0,300.0,No,No,No,0,No,Yes - combination,37680.17,36200.0,0,0,0.0,36200.0,1480.17,5859.25,1049.95,3889.61,66,0,Y,500,1
NHI Act,2024-10-04 00:00:00,DUNEDIN CITY,Valuation,Flood,evacuation of land ,50.0,400.0,No,No,Yes,7120,No,Yes - dwelling,133397.97,7120.0,0,0,0.0,7120.0,126277.97,0.0,0.0,6620.0,230,Multi-party land claim - fees paid by lead,Y,500,1
NHI Act,2024-09-04 00:00:00,PORIRUA CITY,Valuation,Landslip,Evacuation and retaining wall damage,28.0,1009.0,No,Yes,Yes,7000,No,Yes - combination,83157.27,55861.0,21361,0,0.0,55861.0,27296.27,0.0,0.0,0.0,170,0,Y,1000,2
NHI Act,2025-09-04 00:00:00,DUNEDIN CITY,Valuation,Landslip,"Evacuation, Inundation RTW",5.7,0.0,Yes,No,Yes,0,No,Yes - combination,53458.0,49015.0,46816,0,0.0,49015.0,4443.0,5719.78,977.5,5565.9,99,Valuation report not found,Y,500,1
NHI Act,2024-09-24 00:00:00,LOWER HUTT CITY,Valuation,Landslip,Evacuation,4.0,837.0,No,No,Yes,1100,No,Yes - dwelling,29015.54,2200.0,0,0,685.75,2885.75,26129.79,12100.83,945.0,5719.0,218,0,Y,500,1
NHI Act,2025-07-29 00:00:00,AUCKLAND,Valuation,Landslip,land and retaining wall damage,5.5,518.0,Yes,No,Yes,760,No,Yes - dwelling,25610.05,17357.8,7857.8,0,0.0,17357.8,8252.25,5750.0,1127.85,5249.41,196,0,Y,500,1
NHI Act,2025-07-28 00:00:00,WELLINGTON CITY,Valuation,Landslip,evacuation of land,3.0,236.0,No,No,No,850,No,Yes - dwelling,50379.59,5050.0,0,0,0.0,5050.0,45329.59,7401.4,805.0,4693.02,112,0,Y,500,1
NHI Act,2025-07-11 00:00:00,TASMAN DISTRICT,Remediation,Landslip,Inundation,630.0,2702.0,Yes,No,No,0,No,No,61381.51,150554.14,8054.14,0,0.0,61381.51,0.0,7909.42,1139.17,6394.94,58,0,Y,500,1
NHI Act,2025-10-23 00:00:00,DUNEDIN CITY,Remediation,Storm,Inundation,155.0,4000.0,No,No,No,0,No,Yes - combination,4485.0,32550.0,0,0,0.0,4485.0,0.0,0.0,0.0,1024.19,64,Notional value used,Y,500,1
NHI Act,2024-10-03 00:00:00,DUNEDIN CITY,Remediation,Landslip,Inundation and Shared RTW,13.0,400.0,Yes,Yes,No,0,No,Yes - dwelling,12094.0,12510.95,6810.96,0,0.0,12094.0,0.0,3435.63,932.65,2202.83,241,50% of unepreciated value of RTW,Y,500,1
NHI Act,45569,DUNEDIN CITY,Valuation,Landslip,Evacuation and Inundation,40.0,400.0,No,No,Yes,230,No,Yes - combination,90100.33,7750.0,0,0,0.0,7750.0,82350.33,5908.13,977.5,6091.22,57,0,Y,500,1
NHI Act,45836,TASMAN DISTRICT,Remediation,Flood,Scour,33.5,4000.0,No,No,No,0,No,Yes - combination,2004.0,4500.0,0,0,0.0,2004.0,0.0,0.0,517.5,2703.82,104,0,Y,500,1
NHI Act,45957,QUEENSTOWN-LAKES DISTRICT,Valuation,Landslip,Evacuation and RTW,95.0,450.0,Yes,No,Yes,15700,No,Yes - dwelling,577373.67,139737.0,38936.7,0,792.01,140529.01,436844.66,7376.01,1161.5,5239.5,140,0,Y,500,1
NHI Act,45842,NEW PLYMOUTH DISTRICT,Valuation,Landslip,Evacuation and Inundation,3.0,400.0,No,No,Yes,250,No,Yes - dwelling,44972.27,2250.0,0,0,0.0,2250.0,42722.27,6832.21,977.5,5321.28,142,0,Y,500,1
NHI Act,45778,CHRISTCHURCH CITY,Valuation,Landslip,Evacuation and Inundation,39.5,4000.0,No,No,Yes,1500,No,Yes - combination,40379.17,7900.0,0,0,0.0,7900.0,32479.17,5750.0,1460.5,0.0,53,0,Y,500,1
NHI Act,45862,WHANGAREI DISTRICT,Valuation,Storm,Evacuation,6.0,400.0,Yes,No,Yes,250,No,Yes - dwelling,25257.25,23318.0,22568,0,0.0,23318.0,1939.25,5778.75,1104.0,2592.07,208,0,Y,500,1
