project_number_full,programme,subproject,project_name,project_long_name,client,start_date,owning_office,project_manager,lon,lat,ta_name,in_study_area,name_event_hint
1506000.0001R,1506000,1506000.0001,52 Bruce McLaren Road,52 Bruce McLaren Road,Chubb Insurance New Zealand Limited,2021-04-28,AK,Charith Rajasooriya,174.6288410740001,-36.89412472299995,,False,
1506000.0003R,1506000,1506000.0003,"EQC - 43 Port Underwood Rd, Picton","EQC - 43 Port Underwood Rd, Waikawa, Picton",Ando Insurance Group Limited,2021-08-18,AK,Jen Smith,174.047346,-41.265751,,False,
1506000.0002,1506000,1506000.0002,"EQC - 84A Strathmore Avenue, Strathmore","EQC - 84A Strathmore Avenue, Strathmore",Ando Insurance Group Limited,2021-08-19,WN,Shirley Wang,174.820662,-41.329376,Wellington City,True,
1506000.0004,1506000,1506000.0004,"EQC - 62 Grassmere Road, Henderson","62 Grassmere Road, Henderson Valley, Auckland, 0612",Ando Insurance Group Limited,2021-09-02,AK,Jen Smith,174.578674,-36.906452,,False,
1506000.0005,1506000,1506000.0005,"EQC- 414A Scenic Drive, Waiatarua","EQC- 414A Scenic Drive, Waiatarua, Auckland, 0612, NZL",Ando Insurance Group Limited,2021-09-20,AK,Jen Smith,174.582449,-36.940808,,False,
1506000.0006,1506000,1506000.0006,"EQC - 39A Clifford Road, Johnsonville","EQC - 39A Clifford Road, Johnsonville, Wellington",Ando Insurance Group Limited,2021-09-20,WN,Shirley Wang,174.805286,-41.215039,Wellington City,True,
1506000.0007,1506000,1506000.0007,"EQC - 25 Awarua Street, Ngaio","EQC - 25 Awarua Street, Ngaio, Wellington",Ando Insurance Group Limited,2021-10-29,WN,Shirley Wang,174.772654,-41.246184,Wellington City,True,
1506000.0008R,1506000,1506000.0008,"EQC - 379 Clifford Street, Mangapapa","EQC - 379 Clifford Street, Mangapapa, Gisborne, 4010",Ando Insurance Group Limited,2021-11-08,TG,Adam Nally,178.023273,-38.650925,,False,
1506000.0009,1506000,1506000.0009,"EQC - 25 Island Road, Whataupoko","EQC - 25 Island Road, Whataupoko, Gisborne, 4010, NZL",Ando Insurance Group Limited,2021-11-12,TG,Adam Nally,178.050082,-38.662846,,False,
1506000.0010,1506000,1506000.0010,"EQC - 80 Stout Street, Whataupoko","EQC - 80 Stout Street, Whataupoko, Gisborne",Ando Insurance Group Limited,2021-11-16,TG,Adam Nally,178.026286,-38.658242,,False,
1506000.0011,1506000,1506000.0011,"EQC - 10 Duffy Road, Waitakere","EQC - 10 Duffy Road, Waitakere, Auckland, 0782, NZL",Ando Insurance Group Limited,2021-11-18,AK,Julie Zou,174.521505,-36.857177,,False,
1506000.0012,1506000,1506000.0012,"EQC - 31 Riverside Road, Whataupoko","EQC - 31 Riverside Road, Whataupoko, Gisborne",Ando Insurance Group Limited,2021-11-24,TG,Adam Nally,178.043776,-38.663757,,False,
1506000.0013,1506000,1506000.0013,"EQC -235 Goughs Road, Goughs Bay","EQC -235 Goughs Road, Goughs Bay, Le Bons Bay, Canterbury, 7583",Ando Insurance Group Limited,2021-12-21,CH,Scott Forster,173.059926,-43.807628,,False,
1506000.0014,1506000,1506000.0014,"EQC - 34 Norrie Avenue, Raglan, Waikato","EQC - 34 Norrie Avenue, Raglan, Waikato, 3225, NZL",Ando Insurance Group Limited,2022-01-24,HM,Michael Triggs,174.868463,-37.805208,,False,
1506000.0015,1506000,1506000.0015,"EQC - 146 Plateau Road, Te Marua","EQC - 146 Plateau Road, Te Marua, Upper Hutt, Wellington, 5018, NZL",Ando Insurance Group Limited,2022-01-26,WN,Shirley Wang,175.140647,-41.096522,Upper Hutt City,True,
1506000.0016,1506000,1506000.0016,"EQC - 397 Kahuterawa Road, Linton","EQC - 397 Kahuterawa Road, Linton, Palmerston North, Manawatu-Whanganui, 4472, NZL",Ando Insurance Group Limited,2022-02-24,WN,Shirley Wang,175.627407,-40.435133,,False,
1506000.0017,1506000,1506000.0017,"EQC - 33 Whaui Street, Vogeltown","EQC - 33 Whaui Street, Vogeltown, Wellington, 6021, NZL",Ando Insurance Group Limited,2022-03-07,WN,Shirley Wang,174.768345,-41.31141,Wellington City,True,
1506000.0018,1506000,1506000.0018,"EQC - 34B Maire Street, Inglewood","EQC - 34B Maire Street, Inglewood, Taranaki, 4330, NZL",Ando Insurance Group Limited,2022-03-16,WN,Shirley Wang,174.202314,-39.162906,,False,
1506000.0019,1506000,1506000.0019,"EQC - 73 Brian Crescent, Stanmore Bay, W","EQC - 73 Brian Crescent, Stanmore Bay, Whangaparaoa, Auckland, 0932, NZL",Ando Insurance Group Limited,2022-04-04,AK,Philip Mathewson,174.717792,-36.618262,,False,
1506000.0020,1506000,1506000.0020,"EQC-511 Shoemaker Road, Waipu, Northland","EQC-511 Shoemaker Road, Waipu, Northland",Ando Insurance Group Limited,2022-04-14,AK,Philip Mathewson,174.404687,-35.951065,,False,
1506000.0021,1506000,1506000.0021,"EQC - 19 Toop Street, Havelock North","EQC - 19 Toop Street, Havelock North, Hawke's Bay, 4130, NZL",Ando Insurance Group Limited,2022-04-15,AK,Philip Mathewson,176.886676,-39.684266,,False,
1506000.0023,1506000,1506000.0023,"EQC - 59 Dryden Street, Whataupoko","EQC - 59 Dryden Street, Whataupoko, Gisborne, 4010, NZL",Ando Insurance Group Limited,2022-04-20,AK,Philip Mathewson,178.038704,-38.644696,,False,
1506000.0022,1506000,1506000.0022,"EQC - 6 Marian Drive, Inner Kaiti","EQC - 6 Marian Drive, Inner Kaiti, Gisborne, 4010, NZL",Ando Insurance Group Limited,2022-04-22,AK,Philip Mathewson,178.041578,-38.666436,,False,
1506000.0024,1506000,1506000.0024,"EQC - 27 Selwyn Street, #4, Maori Hill","EQC - 27 Selwyn Street, #4, Maori Hill, Timaru, Canterbury",Ando Insurance Group Limited,2022-05-13,CH,Scott Forster,171.236979,-44.388526,,False,
1506000.0025,1506000,1506000.0025,"EQC - 37A Acheron Road, Paremata","EQC - 37A Acheron Road, Paremata, Porirua, Wellington, 5026, NZL",Ando Insurance Group Limited,2022-06-16,WN,Shirley Wang,174.871718,-41.091944,Porirua City,True,
1506000.0026,1506000,1506000.0026,"EQC - 303 Murphys Road, Judgeford","EQC - 303 Murphys Road, Judgeford, Porirua, Wellington, 5381, NZL",Ando Insurance Group Limited,2022-06-28,WN,Shirley Wang,174.928362,-41.139264,Porirua City,True,
1506000.0027,1506000,1506000.0027,"70 Braid Road, Saint Andrews, Hamilton","70 Braid Road, Saint Andrews, Hamilton, Waikato, 3200, NZL",Ando Insurance Group Limited,2022-07-22,HM,Michael Triggs,175.262729,-37.757714,,False,
1506000.0028,1506000,1506000.0028,"EQC - 12 Margaret Street, Wadestown","EQC - 12 Margaret Street, Wadestown, Wellington, 6012, NZL",Ando Insurance Group Limited,2022-07-29,WN,Shirley Wang,174.772134,-41.261957,Wellington City,True,
1506000.0029,1506000,1506000.0029,"EQC - 330 Maungatapu Road, Maungatapu","EQC - 330 Maungatapu Road, Maungatapu, Tauranga, Bay of Plenty, 3112, NZL",Ando Insurance Group Limited,2022-08-03,TG,Guy McDougall,176.180428,-37.71394,,False,
1506000.0030,1506000,1506000.0030,"EQC - 18 Mana View Road, Paremata","EQC - 18 Mana View Road, Paremata, Porirua, Wellington, 5026, NZL",Ando Insurance Group Limited,2022-08-04,WN,Shirley Wang,174.871176,-41.095779,Porirua City,True,
1506000.0031,1506000,1506000.0031,"EQC - 17C Cape Horn Road, Mount Roskill","EQC - 17C Cape Horn Road, Mount Roskill, Auckland, 1041, NZL",Ando Insurance Group Limited,2022-08-11,AK,Philip Mathewson,174.729927,-36.933379,,False,
1506000.0032,1506000,1506000.0032,"EQC-74 Seatoun Heights Road, Seatoun","EQC-74 Seatoun Heights Road, Seatoun, Wellington 6022",Ando Insurance Group Limited,2022-08-11,WN,Shirley Wang,174.8261296170001,-41.31817391299995,Wellington City,True,
1506000.0033,1506000,1506000.0033,"EQC - 74 Seatoun Heights Road, Seatoun","EQC - 74 Seatoun Heights Road, Seatoun, Wellington",Ando Insurance Group Limited,2022-08-11,WN,Shirley Wang,174.826072,-41.318212,Wellington City,True,
1506000.0042,1506000,1506000.0042,"EQC - 58 Rodeo Drive, Kelvin Grove, Palm","EQC - 58 Rodeo Drive, Kelvin Grove, Palmerston North, Manawatu-Whanganui, 4414, NZL",Ando Insurance Group Limited,2022-08-11,WN,Shirley Wang,175.66318,-40.332135,,False,
1506000.0034,1506000,1506000.0034,"EQC - 25 Hancock Grove, Mangawhai","EQC - 25 Hancock Grove, Mangawhai, Northland, 0573, NZL",Ando Insurance Group Limited,2022-08-22,AK,Philip Mathewson,174.54988,-36.105665,,False,
1506000.0035,1506000,1506000.0035,"EQC - 96 Port Underwood Road, Waikawa","EQC - 96 Port Underwood Road, Waikawa, Picton, Marlborough, 7281, NZL",Ando Insurance Group Limited,2022-08-24,AK,Jen Smith,174.053989,-41.2648,,False,
1506000.0036,1506000,1506000.0036,"EQC - 345 Brook Street, The Brook","EQC - 345 Brook Street, The Brook, Nelson, 7010, NZL",Ando Insurance Group Limited,2022-08-24,AK,Jen Smith,173.298627,-41.298314,,False,
1506000.0037,1506000,1506000.0037,EQC - 2336 Queen Charlotte Drive,"EQC - 2336 Queen Charlotte Drive, Ngakuta Bay, Marlborough, 7281",Ando Insurance Group Limited,2022-09-14,AK,Jen Smith,173.966064,-41.275501,,False,
1506000.0039,1506000,1506000.0039,"EQC - 165 Moana Avenue, Moana, Nelson","EQC - 165 Moana Avenue, Moana, Nelson, 7011",Ando Insurance Group Limited,2022-09-14,AK,Marcus Lovell,173.256683,-41.278728,,False,
1506000.0038,1506000,1506000.0038,"EQC - 2 Stoddart Lane, Cashmere, Chch","EQC - 2 Stoddart Lane, Cashmere, Christchurch, Canterbury, 8022, NZL",Ando Insurance Group Limited,2022-09-23,CH,Anna Sleight,172.635235,-43.573618,,False,
1506000.0040,1506000,1506000.0040,"EQC - Lot 2 DP 3774, Double Cove","EQC - Lot 2 DP 3774, Double Cove, Marlborough Sounds, Marlborough",Ando Insurance Group Limited,2022-09-30,AK,Jen Smith,174.018893,-41.238349,,False,
1506000.0041,1506000,1506000.0041,EQC - 55C & 55D St Lawrence Street,"EQC - 55C & 55D St Lawrence Street, Toi Toi, Nelson, 7010",Ando Insurance Group Limited,2022-10-04,AK,Jen Smith,173.268039,-41.278503,,False,
1506000.0043,1506000,1506000.0043,"EQC - 26 Sievwright Lane, Whataupoko","EQC - 26 Sievwright Lane, Whataupoko, Gisborne, 4010, NZL",Ando Insurance Group Limited,2022-10-05,AK,Philip Mathewson,178.032629,-38.652563,,False,
1506000.0044,1506000,1506000.0044,"EQC - 118 Queen St, Dunedin","EQC - 118 Queen St, North Dunedin, Dunedin, 9016",Ando Insurance Group Limited,2022-10-06,CH,Anna Sleight,170.510157,-45.858682,,False,
1506000.0045,1506000,1506000.0045,"EQC - Unit 5, 100 Stanley Rd, Wainui","EQC - Unit 5, 100 Stanley Rd, Wainui, Whakatane, 3198, NZL",Ando Insurance Group Limited,2022-10-07,TG,Guy McDougall,177.108077,-38.042937,,False,
1506000.0046,1506000,1506000.0046,"EQC - 93 Tio Tio Road, Seatoun, Wellingt","EQC -93 Tio Tio Road, Seatoun, Wellington, 6022, NZL",Ando Insurance Group Limited,2022-10-07,WN,Shirley Wang,174.828732,-41.321355,Wellington City,True,
1506000.0047,1506000,1506000.0047,"EQC - 171 Lake Terrace, Hilltop, Taupo,","EQC - 171 Lake Terrace, Hilltop, Taupo, Waikato, 3330, NZL",Ando Insurance Group Limited,2022-10-10,TG,Guy McDougall,176.086315,-38.702239,,False,
1506000.0048,1506000,1506000.0048,"EQC - 8A Calamaras Street, Enner Glynn","EQC - 8A Calamaras Street, Enner Glynn, Nelson, 7011",Ando Insurance Group Limited,2022-10-19,AK,Jen Smith,173.247275,-41.30388,,False,
1506000.0049,1506000,1506000.0049,"EQC - 18 Cliff Road, Torbay, Auckland","EQC - 18 Cliff Road, Torbay, Auckland, 0630, NZL",Ando Insurance Group Limited,2022-10-20,AK,Philip Mathewson,174.756115,-36.692333,,False,
1506000.0050,1506000,1506000.0050,"EQC - Lot 8 DP 12034, South East Bay","EQC - Lot 8 DP 12034, South East Bay, Marlborough Sounds, Marlborough",Ando Insurance Group Limited,2022-10-20,AK,Jen Smith,173.921098,-41.111836,,False,
1506000.0051,1506000,1506000.0051,"EQC - 12A Margaret St, Wadestown, Wellin","EQC - 12A Margaret St, Wadestown, Wellington, 6012, NZL",Ando Insurance Group Limited,2022-10-21,WN,Shirley Wang,174.772389,-41.261869,Wellington City,True,
1506000.0052,1506000,1506000.0052,"EQC - Lot 13 DP 367786, Snake Point","EQC - Lot 13 DP 367786, Snake Point, Marlborough",Ando Insurance Group Limited,2022-10-26,AK,Jen Smith,174.17403,-41.198445,,False,
1506000.0053,1506000,1506000.0053,"EQC - 7 Shirley Road, #4, Grey Lynn","EQC - 7 Shirley Road, #4, Grey Lynn, Auckland, 1021, NZL",Ando Insurance Group Limited,2022-10-28,AK,Philip Mathewson,174.734452,-36.866713,,False,
1506000.0054,1506000,1506000.0054,"EQC - 10 & 10A Oriel Place, Tawa, Wellin","EQC - 10 & 10A Oriel Place, Tawa, Wellington, 5028, NZL",Ando Insurance Group Limited,2022-11-02,WN,Shirley Wang,174.822373,-41.183219,Wellington City,True,
1506000.0055,1506000,1506000.0055,EQC - DP  367786 Snake Point,"EQC - Lots 11, 12, 13 and 14 DP  367786 Snake Point, Marlborough Sounds",Ando Insurance Group Limited,2022-11-03,AK,Jen Smith,174.173506,-41.199067,,False,
1506000.0056,1506000,1506000.0056,"EQC - 357 Pine Valley Road, Dairy Flat","EQC - 357 Pine Valley Road, Dairy Flat, Auckland, 0992, NZL",Ando Insurance Group Limited,2022-11-04,AK,Philip Mathewson,174.631501,-36.629975,,False,
1506000.0057,1506000,1506000.0057,"EQC - 1 Houghton Bay Road, Houghton Bay","EQC - 1 Houghton Bay Road, Houghton Bay, Wellington, 6023",Ando Insurance Group Limited,2022-11-04,WN,Shirley Wang,174.782881,-41.330122,Wellington City,True,
1506000.0058,1506000,1506000.0058,"EQC-16B Wordsworth Street, Leamington","EQC-16B Wordsworth Street, Leamington, Cambridge, Waikato, 3432, NZL",Ando Insurance Group Limited,2022-11-17,HM,Michael Triggs,175.47298,-37.901787,,False,
1506000.0059,1506000,1506000.0059,"EQC - Lot 1 DP 3038, Onahau Bay","EQC - Lot 1 DP 3038, Onahau Bay, Marlborough Sounds, Marlborough",Ando Insurance Group Limited,2022-11-18,AK,Jen Smith,173.973527,-41.226345,,False,
1506000.0229,1506000,1506000.0229,"EQC - 330 Maungatapu Road, Maungatapu","EQC - 330 Maungatapu Road, Maungatapu, Tauranga, Bay of Plenty, 3112, NZL",Vero Insurance New Zealand Limited,2022-11-18,TG,Guy McDougall,174.6288410740001,-36.89412472299995,,False,
1506000.0060,1506000,1506000.0060,"EQC - 275 Cockayne Road, Ngaio","EQC - 275 Cockayne Road, Ngaio, Wellington, 6035",Ando Insurance Group Limited,2022-11-24,WN,Shirley Wang,174.776679,-41.254462,Wellington City,True,
1506000.0061,1506000,1506000.0061,"EQC - 64 Panama Road, Le Bons Bay, Cant","EQC - 64 Panama Road, Le Bons Bay, Canterbury, 7583",Ando Insurance Group Limited,2022-12-01,CH,Anna Sleight,173.051656,-43.758374,,False,
1506000.0062,1506000,1506000.0062,"EQC - Lot 2 DP 3580, Kumutoto Bay","EQC - Lot 2 DP 3580, Kumutoto Bay, Q5238, Marlborough Sounds",Ando Insurance Group Limited,2022-12-02,AK,Jen Smith,174.075021,-41.211483,,False,
1506000.0230,1506000,1506000.0230,"EQC-43 Whakamoenga Point, Acacia Bay","EQC-43 Whakamoenga Point, Acacia Bay, Taupo, Waikato, 3385, NZL",Ando Insurance Group Limited,2022-12-07,HM,Michael Triggs,176.012506,-38.733968,,False,
1506000.0231,1506000,1506000.0231,"EQC - 15 Bush Point Road, Cable Bay","EQC - 15 Bush Point Road, Cable Bay, Northland, 0420",Ando Insurance Group Limited,2022-12-09,AK,Philip Mathewson,173.473602,-34.992875,,False,
1506000.0232,1506000,1506000.0232,"EQC - 379 Clifford Street, Mangapapa","EQC - 379 Clifford Street, Mangapapa, Gisborne, 4010, NZL",Ando Insurance Group Limited,2022-12-14,AK,Philip Mathewson,178.023273,-38.650925,,False,
1506000.0233,1506000,1506000.0233,"EQC - 30A Rewi Street, Torbay, Auckland","EQC - 30A Rewi Street, Torbay, Auckland, 0630, NZL",Ando Insurance Group Limited,2022-12-19,AK,Philip Mathewson,174.756092,-36.695585,,False,
1506000.0063,1506000,1506000.0063,"EQC - 50B Margaret Road, Bellevue","EQC - 50B Margaret Road, Bellevue, Tauranga, Bay of Plenty, 3110, NZL",Ando Insurance Group Limited,2023-01-13,TG,Guy McDougall,176.127252,-37.676065,,False,
1506000.0234,1506000,1506000.0234,"EQC - 32 Hill Road, Whataupoko, Gisborne","EQC - 32 Hill Road, Whataupoko, Gisborne, 4010, NZL",Ando Insurance Group Limited,2023-01-13,AK,Philip Mathewson,178.028817,-38.648034,,False,
1506000.0064,1506000,1506000.0064,"EQC - 330 Maungatapu Road, Maungatapu","EQC - 330 Maungatapu Road, Maungatapu, Tauranga, Bay of Plenty, 3112, NZL",Ando Insurance Group Limited,2023-01-16,TG,Guy McDougall,176.180667,-37.713994,,False,
1506000.0235,1506000,1506000.0235,"EQC - 35 Port Underwood Road, Waikawa","EQC - 35 Port Underwood Road, Waikawa, Picton, Marlborough, 7281",Ando Insurance Group Limited,2023-01-16,AK,Jen Smith,174.047405,-41.265874,,False,
1506000.0236,1506000,1506000.0236,"EQC-22 Ewing Grove, Acacia Bay, Taupo","EQC-22 Ewing Grove, Acacia Bay, Taupo, Waikato, 3330, NZL",Ando Insurance Group Limited,2023-01-20,HM,Michael Triggs,176.02514,-38.708895,,False,
1506000.0065,1506000,1506000.0065,"EQC - 298 Forest Hill Road, Waiatarua","EQC - 298 Forest Hill Road, Waiatarua, Auckland, 0612, NZL",Ando Insurance Group Limited,2023-01-30,AK,Philip Mathewson,174.584304,-36.922679,,False,
1506000.0066,1506000,1506000.0066,"EQC - 22 Diana Avenue, Mangapapa","EQC - 22 Diana Avenue, Mangapapa, Gisborne, 4010, NZL",Ando Insurance Group Limited,2023-02-01,AK,Ryan Tutbury,178.016515,-38.639445,,False,
1506000.0067,1506000,1506000.0067,"EQC - 34 Raratu Road, Kahuranaki","EQC - 34 Raratu Road, Kahuranaki, Hawke's Bay, 4295, NZL #HBEQC",Ando Insurance Group Limited,2023-02-08,AK,Ryan Tutbury,176.891058,-39.749984,,False,
1506000.0068,1506000,1506000.0068,"EQC - 1162 Scenic Drive North, Swanson","EQC - 1162 Scenic Drive North, Swanson, Auckland, 0816, NZL",Ando Insurance Group Limited,2023-02-10,AK,Philip Mathewson,174.556763,-36.871129,,False,
1506000.0069,1506000,1506000.0069,"EQC - 5 London Street, Saint Marys Bay","EQC - 5 London Street, Saint Marys Bay, Auckland, 1011, NZL",Ando Insurance Group Limited,2023-02-10,AK,Philip Mathewson,174.748688,-36.843563,,False,
1506000.0070,1506000,1506000.0070,"EQC - 80 Palmerston Road, Birkenhead","EQC - 80 Palmerston Road, Birkenhead, Auckland, 0626, NZL",Ando Insurance Group Limited,2023-02-13,AK,Dion Willcocks,174.726778,-36.815812,,False,
1506000.0071,1506000,1506000.0071,"EQC - 12 Inkster Street, Birkenhead","EQC - 12 Inkster Street, Birkenhead, Auckland, 0626, NZL",Ando Insurance Group Limited,2023-02-13,AK,Philip Mathewson,174.726319,-36.815904,,False,
1506000.0072,1506000,1506000.0072,"EQC - 14 Inkster Street, Birkenhead","EQC - 14 Inkster Street, Birkenhead, Auckland, 0626, NZL",Ando Insurance Group Limited,2023-02-13,AK,Philip Mathewson,174.726233,-36.816099,,False,
1506000.0073,1506000,1506000.0073,"EQC - 46 Bush Road, Waiatarua, Auckland","EQC - 46 Bush Road, Waiatarua, Auckland, 0604, NZL",Ando Insurance Group Limited,2023-02-13,AK,Philip Mathewson,174.587568,-36.938311,,False,
1506000.0074,1506000,1506000.0074,"EQC - 118 Endsleigh Drive, Havelock Nort","EQC - 118 Endsleigh Drive, Havelock North, Hawke's Bay, 4172, NZL #HBEQC",Ando Insurance Group Limited,2023-02-13,AK,Ryan Tutbury,176.863325,-39.700313,,False,
1506000.0075,1506000,1506000.0075,"EQC - 59 Paturoa Road, Titirangi","EQC - 59 Paturoa Road, Titirangi, Auckland, 0604, NZL",Ando Insurance Group Limited,2023-02-13,AK,Philip Mathewson,174.657119,-36.954191,,False,
1506000.0076,1506000,1506000.0076,"EQC - 20 Hebe Place, Birkenhead","EQC - 20 Hebe Place, Birkenhead, Auckland, 0626, NZL",Ando Insurance Group Limited,2023-02-13,AK,Philip Mathewson,174.706654,-36.812222,,False,
1506000.0237,1506000,1506000.0237,"EQC - 92D Ngataringa Road, Devonport","EQC - 92D Ngataringa Road, Devonport, Auckland, 0624, NZL",Ando Insurance Group Limited,2023-02-17,AK,Philip Mathewson,174.783943,-36.818167,,False,
1506000.0238,1506000,1506000.0238,"EQC - 37 Bateleur Close, Welcome Bay, Ta","EQC - 37 Bateleur Close, Welcome Bay, Tauranga, Bay of Plenty, 3112, NZL",Ando Insurance Group Limited,2023-02-17,HM,Ryan Tutbury,176.187783,-37.732407,,False,
1506000.0077,1506000,1506000.0077,"EQC - 251 Wilks Rd, Stillwater","EQC - 251 Wilks Rd, Stillwater, Silverdale, 0794, NZL",Ando Insurance Group Limited,2023-02-19,AK,Philip Mathewson,174.665987,-36.649444,,False,
1506000.0239,1506000,1506000.0239,"EQC - 3 Robert Street, Mahurangi East","EQC - 3 Robert Street, Mahurangi East, Auckland, 0982, NZL",Ando Insurance Group Limited,2023-02-19,AK,Philip Mathewson,174.731232,-36.476468,,False,
1506000.0240,1506000,1506000.0240,"EQC - 29E Rua Road, Glen Eden, Auckland","EQC - 29E Rua Road, Glen Eden, Auckland, 0602, NZL",Ando Insurance Group Limited,2023-02-20,AK,Philip Mathewson,174.665024,-36.913246,,False,
1506000.0078,1506000,1506000.0078,"EQC - 46 Island Bay Road, Beach Haven","EQC - 46 Island Bay Road, Beach Haven, Auckland, 0626, NZL",Ando Insurance Group Limited,2023-02-21,AK,Philip Mathewson,174.698554,-36.812269,,False,
1506000.0079,1506000,1506000.0079,"EQC - Unit 2 36 Maritime Tce, Birkenhead","EQC - Unit 2, 36 Maritime Terrace, Birkenhead, Auckland, 0626, NZL",Ando Insurance Group Limited,2023-02-21,AK,Philip Mathewson,174.736106,-36.817156,,False,
1506000.0241,1506000,1506000.0241,"EQC - 72 Lonely Track Road, Redvale","EQC - 72 Lonely Track Road, Redvale, Auckland, 0632, NZL",Ando Insurance Group Limited,2023-02-22,AK,Philip Mathewson,174.713643,-36.704592,,False,
1506000.0242,1506000,1506000.0242,"EQC-15 Hutchinson Avenue, New Lynn, Auck","EQC-15 Hutchinson Avenue, New Lynn, Auckland, 0600, NZL",Ando Insurance Group Limited,2023-02-22,AK,Philip Mathewson,174.679985,-36.916247,,False,
1506000.0243,1506000,1506000.0243,"EQC - 52A Alverston Street, Waterview","EQC - 52A Alverston Street, Waterview, Auckland, 1026, NZL",Ando Insurance Group Limited,2023-02-22,AK,Philip Mathewson,174.697464,-36.878968,,False,
1506000.0246,1506000,1506000.0246,"EQC - 457A Settlement Road, Puni","EQC - 457A Settlement Road, Puni, Pukekohe, Waikato, 2678, NZL",Ando Insurance Group Limited,2023-02-22,AK,Philip Mathewson,174.867892,-37.257551,,False,
1506000.0244,1506000,1506000.0244,"EQC - 62 McBreen Avenue, Northcote","EQC - 62 McBreen Avenue, Northcote, Auckland, 0627, NZL",Ando Insurance Group Limited,2023-02-23,AK,Philip Mathewson,174.756831,-36.805645,,False,
1506000.0245,1506000,1506000.0245,"EQC - 239 Wright Road, Dairy Flat","EQC - 239 Wright Road, Dairy Flat, Auckland, 0794, NZL",Ando Insurance Group Limited,2023-02-23,AK,Philip Mathewson,174.698547,-36.699331,,False,
1506000.0247,1506000,1506000.0247,"EQC - 49 Stillwater Crescent, Stillwater","EQC - 49 Stillwater Crescent, Stillwater, Auckland, 0993, NZL",Ando Insurance Group Limited,2023-02-23,AK,Philip Mathewson,174.714631,-36.638641,,False,
1506000.0248,1506000,1506000.0248,"EQC - 64 Te Kapua Rise, Puketapu, Hastin","EQC - 64 Te Kapua Rise, Puketapu, Hastings, Hawke's Bay, 4182, NZL #HBEQC",Ando Insurance Group Limited,2023-02-24,HM,Ryan Tutbury,176.818148,-39.482794,,False,
1506000.0080,1506000,1506000.0080,"EQC - 217 Victoria Road, Devonport","EQC - 217 Victoria Road, Devonport, Auckland, 0624, NZL",Ando Insurance Group Limited,2023-02-26,AK,Philip Mathewson,174.793966,-36.822132,,False,
1506000.0081,1506000,1506000.0081,"EQC - 39 Gladys Avenue, Glenfield","EQC - 39 Gladys Avenue, Glenfield, Auckland, 0629, NZL",Ando Insurance Group Limited,2023-02-26,AK,Dion Willcocks,174.715803,-36.778168,,False,
1506000.0249,1506000,1506000.0249,"EQC - 39 Vicarage Road, Puketapu","EQC - 39 Vicarage Road, Puketapu, Hastings, Hawke's Bay, 4183, NZL #HBEQC",Ando Insurance Group Limited,2023-02-27,HM,Ryan Tutbury,176.786535,-39.5127,,False,
1506000.0250,1506000,1506000.0250,"EQC - 27 Foster Lane, Havelock North, Ha","EQC - 27 Foster Lane, Havelock North, Hawke's Bay, 4172, NZL #HBEQC",Ando Insurance Group Limited,2023-02-27,HM,Ryan Tutbury,176.860574,-39.697811,,False,
1506000.0082,1506000,1506000.0082,"EQC - 43 Birdwood Road, Swanson","EQC - 43 Birdwood Road, Swanson, Auckland, 0612, NZL",Ando Insurance Group Limited,2023-02-28,AK,Philip Mathewson,174.593856,-36.860235,,False,
1506000.0251,1506000,1506000.0251,"EQC - 284 Maungatapu Road, Maungatapu","EQC - 284 Maungatapu Road, Maungatapu, Tauranga, Bay of Plenty, 3112, NZL",Ando Insurance Group Limited,2023-02-28,HM,Ryan Tutbury,176.179147,-37.71576,,False,
1506000.0252,1506000,1506000.0252,"EQC - 242 Durham Drive, Havelock North,","EQC - 242 Durham Drive, Havelock North, Hawke's Bay, 4130, NZL #HBEQC",Ando Insurance Group Limited,2023-03-01,HM,Ryan Tutbury,176.901359,-39.685529,,False,
1506000.0253,1506000,1506000.0253,"EQC - 561 Maraetotara Road, Maraetotara","EQC - 561 Maraetotara Road, Maraetotara, Waimarama, Hawke's Bay, 4294, NZL #HBEQC",Ando Insurance Group Limited,2023-03-01,HM,Ryan Tutbury,176.92937,-39.76439,,False,
1506000.0254,1506000,1506000.0254,"EQC - 1 Havelock Terrace, Hospital Hill,","EQC - 1 Havelock Terrace, Hospital Hill, Napier, Hawke's Bay, 4110, NZL #HBEQC",Ando Insurance Group Limited,2023-03-02,HM,Ryan Tutbury,176.901031,-39.493872,,False,
1506000.0083,1506000,1506000.0083,"EQC - 335 Ridge Road, Paremoremo","EQC - 335 Ridge Road, Paremoremo, Auckland, 0793, NZL",Ando Insurance Group Limited,2023-03-05,AK,Philip Mathewson,174.656055,-36.740985,,False,
1506000.0255,1506000,1506000.0255,"EQC - 8 Platinum Place, Tamahere, Hamilt","EQC - 8 Platinum Place, Tamahere, Hamilton, Waikato, 3283, NZL",Ando Insurance Group Limited,2023-03-06,HM,Ryan Tutbury,175.347106,-37.823075,,False,
1506000.0256,1506000,1506000.0256,"EQC - 21 Heath Avenue, Northcote","EQC - 21 Heath Avenue, Northcote, Auckland, 0627, NZL",Ando Insurance Group Limited,2023-03-08,AK,Philip Mathewson,174.756044,-36.80837,,False,
1506000.0257,1506000,1506000.0257,"EQC - 86 Queenstown Road, Onehunga","EQC - 86 Queenstown Road, Onehunga, Auckland, 1061, NZL",Ando Insurance Group Limited,2023-03-08,AK,Philip Mathewson,174.768081,-36.91726,,False,
1506000.0084,1506000,1506000.0084,"EQC - Flat 2, 39 Radiata Lane, Chatswood","EQC - Flat 2, 39 Radiata Lane, Chatswood, Auckland, 0626, NZL",Ando Insurance Group Limited,2023-03-09,AK,Philip Mathewson,174.703545,-36.814837,,False,
1506000.0085,1506000,1506000.0085,"EQC - 51 Rayner Road, Piha","EQC - 51 Rayner Road, Piha, Auckland, 0772, NZL",Ando Insurance Group Limited,2023-03-12,AK,Philip Mathewson,174.471532,-36.959949,,False,
1506000.0086,1506000,1506000.0086,"EQC - 181 Lane Road, Havelock North, Haw","EQC - 181 Lane Road, Havelock North, Hawke's Bay, 4130, NZL #HBEQC",Ando Insurance Group Limited,2023-03-13,HM,Ryan Tutbury,176.869599,-39.704732,,False,
1506000.0087,1506000,1506000.0087,"EQC -18A Goldsmith Street, Maeroa","EQC -18A Goldsmith Street, Maeroa, Hamilton, Waikato, 3200, NZL",Ando Insurance Group Limited,2023-03-13,HM,Ryan Tutbury,175.264636,-37.77994,,False,
1506000.0090,1506000,1506000.0090,"EQC - 59 Dryden Street, Whataupoko","EQC - 59 Dryden Street, Whataupoko, Gisborne, 4010, NZL (EQC Land - PER-C0195999 / EQC Building - PER-C0196002)",Ando Insurance Group Limited,2023-03-13,HM,Ryan Tutbury,178.038175,-38.644349,,False,
1506000.0088,1506000,1506000.0088,"EQC - 79 Paremoremo Road, Lucas Heights","EQC - 79 Paremoremo Road, Lucas Heights, Auckland, 0632, NZL",Ando Insurance Group Limited,2023-03-14,AK,Philip Mathewson,174.679324,-36.734672,,False,
1506000.0089,1506000,1506000.0089,"EQC - 249 Paremoremo Road, Lucas Heights","EQC - 249 Paremoremo Road, Lucas Heights, Auckland, 0632, NZL",Ando Insurance Group Limited,2023-03-14,AK,Philip Mathewson,174.670406,-36.749941,,False,
1506000.0258,1506000,1506000.0258,"EQC - 85 Simla Avenue, Havelock North, H","EQC - 85 Simla Avenue, Havelock North, Hawke's Bay, 4130, NZL #HBEQC",Ando Insurance Group Limited,2023-03-15,HM,Ryan Tutbury,176.895132,-39.672887,,False,
1506000.0091,1506000,1506000.0091,"EQC - 29A Verbena Road, Birkdale","EQC -29A Verbena Road, Birkdale, Auckland, 0626, NZL",Ando Insurance Group Limited,2023-03-16,AK,Philip Mathewson,174.709014,-36.803758,,False,
1506000.0092,1506000,1506000.0092,"EQC - 310 Paremoremo Road, Paremoremo","EQC - 310 Paremoremo Road, Paremoremo, Auckland, 0632, NZL",Ando Insurance Group Limited,2023-03-16,AK,Stefan Huszak,174.665123,-36.752931,,False,
1506000.0259,1506000,1506000.0259,"EQC - 1283 Maraetotara Rd, Maraetotara,","EQC - 1283 Maraetotara Rd, Maraetotara, Waimarama, 4294, NZL",Ando Insurance Group Limited,2023-03-16,HM,Ryan Tutbury,176.901611,-39.815728,,False,
1506000.0093,1506000,1506000.0093,"EQC - 40 Blomfield Street, Pukehangi, Ro","EQC - 40 Blomfield Street, Pukehangi, Rotorua, Bay of Plenty, 3015, NZL",Ando Insurance Group Limited,2023-03-17,HM,Ryan Tutbury,176.201801,-38.139969,,False,
1506000.0260,1506000,1506000.0260,"EQC - 27 Toop Street, Havelock North, Ha","EQC - 27 Toop Street, Havelock North, Hawke's Bay, 4130, NZL #HBEQC",Ando Insurance Group Limited,2023-03-17,HM,Ryan Tutbury,176.88621,-39.685315,,False,
1506000.0261,1506000,1506000.0261,"EQC - 48 Pakuratahi Valley Road, Tangoio","EQC - 48 Pakuratahi Valley Road, Tangoio, Napier, Hawke's Bay, 4182, NZL #HBEQC",Ando Insurance Group Limited,2023-03-17,HM,Ryan Tutbury,176.905948,-39.34124,,False,
1506000.0094,1506000,1506000.0094,"EQC - 36 Piha Road, Piha","EQC - 36 Piha Road, Piha, Auckland, 0772, NZL",Ando Insurance Group Limited,2023-03-18,AK,Philip Mathewson,174.478423,-36.959594,,False,
1506000.0095,1506000,1506000.0095,"EQC - 81 Aintree Road, Havelock North, H","EQC - 81 Aintree Road, Havelock North, Hawke's Bay, 4130, NZL #HBEQC",Ando Insurance Group Limited,2023-03-20,HM,Ryan Tutbury,176.877184,-39.700547,,False,
1506000.0096,1506000,1506000.0096,"EQC - 35 Quarry Ridge, Poraiti, Napier,","EQC - 35 Quarry Ridge, Poraiti, Napier, Hawke's Bay, 4182, NZL #HBEQC",Ando Insurance Group Limited,2023-03-20,HM,Ryan Tutbury,176.826494,-39.497245,,False,
1506000.0262,1506000,1506000.0262,"EQC - 1481 Taihape Road, Sherenden, Hast","EQC - 1481 Taihape Road, Sherenden, Hastings, Hawke's Bay, 4179, NZL #HBEQC",Ando Insurance Group Limited,2023-03-20,HM,Ryan Tutbury,176.631457,-39.521075,,False,
1506000.0097,1506000,1506000.0097,"EQC - 1/51 Seaton Road, Murrays Bay","EQC - 1/51 Seaton Road, Murrays Bay, Auckland, 0630, NZL",Ando Insurance Group Limited,2023-03-22,AK,Philip Mathewson,174.748222,-36.727569,,False,
1506000.0098,1506000,1506000.0098,"EQC - 12 Seacliffe Avenue, Belmont","EQC - 12 Seacliffe Avenue, Belmont, Auckland, 0622, NZL",Ando Insurance Group Limited,2023-03-22,AK,Philip Mathewson,174.793983,-36.804791,,False,
1506000.0099,1506000,1506000.0099,"EQC - 10 Hallewell Crescent,Johnsonville","EQC - 10 Hallewell Crescent, Johnsonville, Wellington, 6037, NZL",Ando Insurance Group Limited,2023-03-23,WN,Shirley Wang,174.803595,-41.217003,Wellington City,True,
1506000.0100,1506000,1506000.0100,"EQC - 114 Park Hill Road, Birkenhead","EQC - 114 Park Hill Road, Birkenhead, Auckland, 0626, NZL",Ando Insurance Group Limited,2023-03-24,AK,Philip Mathewson,174.718534,-36.803737,,False,
1506000.0101,1506000,1506000.0101,"EQC - 12 Pullum Street, Birkenhead","EQC - 12 Pullum Street, Birkenhead, Auckland, 0626, NZL",Ando Insurance Group Limited,2023-03-24,AK,Philip Mathewson,174.728175,-36.81679,,False,
1506000.0102,1506000,1506000.0102,"EQC - 63 Hinemoa Street, Birkenhead","EQC - 63 Hinemoa Street, Birkenhead, Auckland, 0626, NZL",Ando Insurance Group Limited,2023-03-24,AK,Philip Mathewson,174.736442,-36.81884,,False,
1506000.0103,1506000,1506000.0103,"EQC - 2/91A Roseberry Avenue, Birkenhead","EQC - 2/91A Roseberry Avenue, Birkenhead, Auckland, 0626, NZL",Ando Insurance Group Limited,2023-03-24,AK,Philip Mathewson,174.71608,-36.802523,,False,
1506000.0104,1506000,1506000.0104,"EQC - 59 Maritime Terrace, Birkenhead","EQC - 59 Maritime Terrace, Birkenhead, Auckland, 0626, NZL",Ando Insurance Group Limited,2023-03-24,AK,Philip Mathewson,174.738765,-36.81725,,False,
1506000.0263,1506000,1506000.0263,"EQC - 38 Marian Drive, Inner Kaiti, Gis","EQC - 38 Marian Drive, Inner Kaiti, Gisborne, 4010, NZL",Ando Insurance Group Limited,2023-03-30,HM,Ryan Tutbury,178.044012,-38.665101,,False,
1506000.0264,1506000,1506000.0264,"EQC - 3 Cynthia Place, Bellevue, Taurang","EQC - 3 Cynthia Place, Bellevue, Tauranga, Bay of Plenty, 3110, NZL",Ando Insurance Group Limited,2023-03-30,HM,Ryan Tutbury,176.136297,-37.67452,,False,
1506000.0105,1506000,1506000.0105,"EQC - 103 Hobson Road, Lucas Heights","EQC - 103 Hobson Road, Lucas Heights, Auckland, 0632, NZ",Ando Insurance Group Limited,2023-03-31,AK,Philip Mathewson,174.678146,-36.728101,,False,
1506000.0106,1506000,1506000.0106,"EQC - 63 Robinson Road, Coatesville","EQC - 63 Robinson Road, Coatesville, Auckland, 0793, NZL",Ando Insurance Group Limited,2023-03-31,AK,Philip Mathewson,174.619089,-36.712612,,False,
1506000.0265,1506000,1506000.0265,"EQC - 374 Matokitoki Valley Road, Matoki","EQC - 374 Matokitoki Valley Road, Matokitoki, Waimata, Gisborne, 4071, NZL",Ando Insurance Group Limited,2023-04-03,HM,Ryan Tutbury,178.023593,-38.613236,,False,
1506000.0107,1506000,1506000.0107,EQC - 55 Lynton Masters Lane,"EQC - 55 Lynton Masters Lane, Coatesville, Auckland, 0793, NZL",Ando Insurance Group Limited,2023-04-05,AK,Philip Mathewson,174.637963,-36.73901,,False,
1506000.0108,1506000,1506000.0108,"EQC - 53 Pinetone Road, Kumeu","EQC - 53 Pinetone Road, Kumeu, Auckland, 0892, NZL",Ando Insurance Group Limited,2023-04-05,AK,Philip Mathewson,174.547084,-36.757252,,False,
1506000.0109,1506000,1506000.0109,"EQC - 22 McBreen Avenue, Northcote","EQC - 22 McBreen Avenue, Northcote, Auckland, 0627, NZL",Ando Insurance Group Limited,2023-04-05,AK,Philip Mathewson,174.755237,-36.804558,,False,
1506000.0110,1506000,1506000.0110,"EQC - 24 Taruna Place, Havelock North, H","EQC - 24 Taruna Place, Havelock North, Hawke's Bay, 4130, NZL #HBEQC",Ando Insurance Group Limited,2023-04-05,HM,Ryan Tutbury,176.89777,-39.67898,,False,
1506000.0111,1506000,1506000.0111,"EQC - 63 Tait Road, Maraekakaho, Hawke's","EQC - 63 Tait Road, Maraekakaho, Hawke's Bay, 4171, NZL #HBEQC",Ando Insurance Group Limited,2023-04-05,HM,Ryan Tutbury,176.56959,-39.650635,,False,
1506000.1112,1506000,1506000.1112,"EQC - 727 Totangi Road, Ngatapa, Pehiri,","EQC - 727 Totangi Road, Ngatapa, Pehiri, Gisborne, 4072, NZL",Ando Insurance Group Limited,2023-04-06,HM,Ryan Tutbury,177.761172,-38.53076,,False,
1506000.0112,1506000,1506000.0112,"EQC - 45 Tuki Tuki Hills Road, Haumoana,","EQC - 45 Tuki Tuki Hills Road, Haumoana, Hawke's Bay, 4180, NZL #HBEQC",Ando Insurance Group Limited,2023-04-11,HM,Ryan Tutbury,176.942167,-39.65143,,False,
1506000.0113,1506000,1506000.0113,"EQC - 63 Connaught St, Blockhouse Bay","EQC - 63 Connaught St, Blockhouse Bay, Auckland, 0600, NZL",Ando Insurance Group Limited,2023-04-12,AK,Philip Mathewson,174.693663,-36.928783,,False,
1506000.0114,1506000,1506000.0114,"EQC - 9 O'Connell Place, Havelock North,","EQC - 9 O'Connell Place, Havelock North, Hawke's Bay, 4130, NZL #HBEQC",Ando Insurance Group Limited,2023-04-13,HM,Ryan Tutbury,176.874202,-39.672131,,False,
1506000.0115,1506000,1506000.0115,"EQC - 1085 Kahuranaki Road, Kahuranaki,","EQC - 1085 Kahuranaki Road, Kahuranaki, Hawke's Bay, 4295, NZL #HBEQC",Ando Insurance Group Limited,2023-04-14,HM,Ryan Tutbury,176.853674,-39.776209,,False,
1506000.0116,1506000,1506000.0116,"EQC - 31 Hill Road, Whataupoko, Gisborne","EQC - 31 Hill Road, Whataupoko, Gisborne, 4010, NZL",Ando Insurance Group Limited,2023-04-17,HM,Ryan Tutbury,178.028473,-38.648313,,False,
1506000.0266,1506000,1506000.0266,"EQC - 1213 SH 2, Whakamarama, 3172, NZL","EQC - 1213 SH 2, Whakamarama, 3172, NZL",Ando Insurance Group Limited,2023-04-20,HM,Ryan Tutbury,176.020086,-37.674686,,False,
1506000.0117,1506000,1506000.0117,"EQC - 1268 East Coast Road, Redvale","EQC - 1268 East Coast Road, Redvale, Auckland, 0794, NZL",Ando Insurance Group Limited,2023-04-21,AK,Philip Mathewson,174.705354,-36.691583,,False,
1506000.0118,1506000,1506000.0118,"EQC - 22 Shanaway Rise, Hillcrest","EQC - 22 Shanaway Rise, Hillcrest, Auckland, 0627, NZL",Ando Insurance Group Limited,2023-04-21,AK,Philip Mathewson,174.7329,-36.800251,,False,
1506000.0119,1506000,1506000.0119,"EQC - 45 Pleasant Road, Glen Eden","EQC - 45 Pleasant Road, Glen Eden, Auckland, 0602, NZL",Ando Insurance Group Limited,2023-04-21,AK,Philip Mathewson,174.657508,-36.917841,,False,
1506000.0120,1506000,1506000.0120,"EQC - 143 Omaha Valley Road, Big Omaha","EQC - 143 Omaha Valley Road, Big Omaha, Auckland, 0985, NZL",Ando Insurance Group Limited,2023-04-27,AK,Philip Mathewson,174.721348,-36.309751,,False,
1506000.0121,1506000,1506000.0121,"EQC - 112B Bryant Rd, Karaka, Papakura","EQC - 112B Bryant Rd, Karaka, Papakura, 2580, NZL",Ando Insurance Group Limited,2023-04-27,AK,Philip Mathewson,174.846135,-37.081266,,False,
1506000.0267,1506000,1506000.0267,"EQC - 17 East Way, Durie Hill, Whanganui","EQC - 17 East Way, Durie Hill, Whanganui, 4500, NZL",Ando Insurance Group Limited,2023-04-27,WN,Shirley Wang,175.063998,-39.941431,,False,
1506000.0122,1506000,1506000.0122,EQC - 2/214 Hillsborough Road,"EQC - 2/214 Hillsborough Road, Hillsborough, Auckland, 1042, NZL",Ando Insurance Group Limited,2023-05-02,AK,Philip Mathewson,174.753964,-36.923794,,False,
1506000.0268,1506000,1506000.0268,"EQC - 132 Napier Road, Havelock North","EQC - 132 Napier Road, Havelock North, Hawke's Bay, 4130, NZL",Ando Insurance Group Limited,2023-05-04,HM,Ryan Tutbury,176.885135,-39.661295,,False,
1506000.0123,1506000,1506000.0123,"EQC - 277 Durham Drive, Havelock North","EQC - 277 Durham Drive, Havelock North, Hawke's Bay, 4130, NZL #HBEQC",Ando Insurance Group Limited,2023-05-05,HM,Ryan Tutbury,176.905559,-39.683464,,False,
1506000.0124,1506000,1506000.0124,"EQC - 65 St Annes Crescent, Wattle Downs","EQC - 65 St Annes Crescent, Wattle Downs, Auckland, 2103, NZL",Ando Insurance Group Limited,2023-05-06,AK,Philip Mathewson,174.883918,-37.056919,,False,
1506000.0125,1506000,1506000.0125,"EQC - 81A Balmoral Road, Mount Eden","EQC - 81A Balmoral Road, Mount Eden, Auckland, 1024, NZL",Ando Insurance Group Limited,2023-05-06,AK,Philip Mathewson,174.757277,-36.888668,,False,
1506000.0126,1506000,1506000.0126,"EQC - 45A Tohunga Cres, Parnell","EQC - 45A Tohunga Cres, Parnell, Auckland, 1052, NZL",Ando Insurance Group Limited,2023-05-06,AK,Philip Mathewson,174.789453,-36.859584,,False,
1506000.0127,1506000,1506000.0127,"EQC - 225 Gills Road, Albany Heights","EQC - 225 Gills Road, Albany Heights, Auckland, 0632, NZL",Ando Insurance Group Limited,2023-05-09,AK,Philip Mathewson,174.696855,-36.712499,,False,
1506000.0128,1506000,1506000.0128,"EQC - 60 Queen Street, Northcote Point","EQC - 60 Queen Street, Northcote Point, Auckland, 0627, NZL",Ando Insurance Group Limited,2023-05-12,AK,Philip Mathewson,174.747421,-36.821454,,False,
1506000.0129,1506000,1506000.0129,"EQC - 218 Puketitiri Road, Poraiti, Napi","EQC - 218 Puketitiri Road, Poraiti, Napier, Hawke's Bay, 4182, NZL #HBEQC",Ando Insurance Group Limited,2023-05-15,HM,Ryan Tutbury,176.834948,-39.502903,,False,
1506000.0130,1506000,1506000.0130,"EQC - 629A Great North Road, Grey Lynn","EQC - 629A Great North Road, Grey Lynn, Auckland, 1021, NZL",Ando Insurance Group Limited,2023-05-20,AK,Philip Mathewson,174.73637,-36.863944,,False,
1506000.0131,1506000,1506000.0131,"EQC - 12 Amiria Street, Saint Marys Bay","EQC - 12 Amiria Street, Saint Marys Bay, Auckland, 1011, NZL",Ando Insurance Group Limited,2023-05-20,AK,Dion Willcocks,174.744514,-36.841014,,False,
1506000.0269,1506000,1506000.0269,"EQC - 106 Seaview Road, Westown","EQC - 106 Seaview Road, Westown, New Plymouth, Taranaki, 4310, NZL",Ando Insurance Group Limited,2023-05-24,WN,Shirley Wang,174.05177,-39.071615,,False,
1506000.0132,1506000,1506000.0132,"EQC - 15 Keirunga Rd, Havelock North, 41","EQC - 15 Keirunga Rd, Havelock North, 4130, NZL #HBEQC",Ando Insurance Group Limited,2023-05-29,HM,Ryan Tutbury,176.886108,-39.680352,,False,
1506000.0270,1506000,1506000.0270,"EQC - 39 Ribble Street, Island Bay, WGTN","EQC - 39 Ribble Street, Island Bay, Wellington, 6023, NZL",Ando Insurance Group Limited,2023-05-30,WN,Shirley Wang,174.768529,-41.337986,Wellington City,True,
1506000.0133,1506000,1506000.0133,"EQC - 59 Dryden Street, Whataupoko, Gisb","EQC - 59 Dryden Street, Whataupoko, Gisborne, 4010, NZL (EQC Land - PER-C0199048 / EQC Building - PER-C0199052)",Ando Insurance Group Limited,2023-05-31,HM,Ryan Tutbury,178.038276,-38.644251,,False,
1506000.0134,1506000,1506000.0134,"EQC - 105 Wharf Rd, Port Albert","EQC - 105 Wharf Rd, Port Albert, Wellsford, 0973, NZL",Ando Insurance Group Limited,2023-06-01,AK,Philip Mathewson,174.429506,-36.275248,,False,
1506000.0271,1506000,1506000.0271,"EQC -4 Lakeview Terrace, Huntly, Waikato","EQC -4 Lakeview Terrace, Huntly, Waikato, 3700, NZL",Ando Insurance Group Limited,2023-06-01,HM,Ryan Tutbury,175.16676,-37.548225,,False,
1506000.0135,1506000,1506000.0135,"EQC - 261 Hill Road, Eskdale, Napier, Ha","EQC - 261 Hill Road, Eskdale, Napier, Hawke's Bay, 4182, NZL #HBEQC",Ando Insurance Group Limited,2023-06-02,HM,Ryan Tutbury,176.853739,-39.406602,,False,
1506000.0136,1506000,1506000.0136,"EQC - 119 Pebble Brook Rd, Silverdale","EQC - 119 Pebble Brook Rd, Silverdale, 0994, NZL",Ando Insurance Group Limited,2023-06-03,AK,Philip Mathewson,174.570067,-36.610797,,False,
1506000.0272,1506000,1506000.0272,"EQC - 22A Alfredton Road, Eketahuna","EQC - 22A Alfredton Road, Eketahuna, Manawatu-Whanganui, 4900, NZL",Ando Insurance Group Limited,2023-06-06,WN,Shirley Wang,175.70916,-40.652154,,False,
1506000.0137,1506000,1506000.0137,"EQC - 393 Wairau Road, Totara Vale","EQC - 393 Wairau Road, Totara Vale, Auckland, 0629, NZL",Ando Insurance Group Limited,2023-06-14,AK,Philip Mathewson,174.722516,-36.769374,,False,
1506000.0138,1506000,1506000.0138,"EQC - 33 Whitaker Road, Warkworth","EQC - 33 Whitaker Road, Warkworth, Auckland, 0910, NZL",Ando Insurance Group Limited,2023-06-23,AK,Philip Mathewson,174.661817,-36.40158,,False,
1506000.0139,1506000,1506000.0139,"EQC - 400 Cames Road, Mangawhai","EQC - 400 Cames Road, Mangawhai, Northland, 0975, NZL",Ando Insurance Group Limited,2023-06-28,AK,Philip Mathewson,174.553268,-36.16103,,False,
1506000.0140,1506000,1506000.0140,"EQC - 357 Pine Valley Road, Dairy Flat","EQC - 357 Pine Valley Road, Dairy Flat, Auckland, 0992, NZL",Ando Insurance Group Limited,2023-06-28,AK,Philip Mathewson,174.631783,-36.629791,,False,
1506000.0273,1506000,1506000.0273,"EQC - 81 Kent Terrace, Taradale, Napier","EQC - 81 Kent Terrace, Taradale, Napier, Hawke's Bay, 4112, NZL",Ando Insurance Group Limited,2023-06-28,HM,Ryan Tutbury,176.836883,-39.527227,,False,
1506000.0141,1506000,1506000.0141,"EQC - 83 Te Hono Street, Maungatapu, Tau","EQC - 83 Te Hono Street, Maungatapu, Tauranga, Bay of Plenty, 3112, NZL",Ando Insurance Group Limited,2023-07-10,HM,Ryan Tutbury,176.189982,-37.713447,,False,
1506000.0142,1506000,1506000.0142,"EQC - 34 Raratu Road, Kahuranaki, Hawke'","EQC - 34 Raratu Road, Kahuranaki, Hawke's Bay, 4295, NZL #HBEQC",Ando Insurance Group Limited,2023-07-12,HM,Ryan Tutbury,176.89065,-39.74994,,False,
1506000.0274,1506000,1506000.0274,"EQC - Unit 48, 361 Central Road, Hamuran","EQC - Unit 48, 361 Central Road, Hamurana, Bay of Plenty, 3096, NZL",Ando Insurance Group Limited,2023-07-12,HM,Ryan Tutbury,176.184442,-38.025824,,False,
1506000.0143,1506000,1506000.0143,"EQC - 122 Paremoremo Road, Lucas Heights","EQC - 122 Paremoremo Road, Lucas Heights, Auckland, 0632, NZL",Ando Insurance Group Limited,2023-07-16,AK,Philip Mathewson,174.674908,-36.73717,,False,
1506000.0144,1506000,1506000.0144,"EQC - 122 Paremoremo Road, Lucas Heights","EQC - 122 Paremoremo Road, Lucas Heights, Auckland, 0632, NZL",Ando Insurance Group Limited,2023-07-16,AK,Philip Mathewson,174.675262,-36.737123,,False,
1506000.0145,1506000,1506000.0145,"EQC - 63B Norwood Road, Bayswater","EQC - 63B Norwood Road, Bayswater, Auckland, 0622, NZL",Ando Insurance Group Limited,2023-07-16,AK,Philip Mathewson,174.777007,-36.816215,,False,
1506000.0149,1506000,1506000.0149,"EQC - 21B Burtt Road, Paerata, Bombay","EQC - 21B Burtt Road, Paerata, Bombay, Auckland, 2578, NZL",Ando Insurance Group Limited,2023-07-16,AK,Philip Mathewson,174.911025,-37.162983,,False,
1506000.0275,1506000,1506000.0275,"EQC -34A Anthony Crescent, Bader, Hamilt","EQC -34A Anthony Crescent, Bader, Hamilton, Waikato, 3206, NZL",Ando Insurance Group Limited,2023-07-20,HM,Ryan Tutbury,175.292167,-37.812271,,False,
1506000.0146,1506000,1506000.0146,"EQC - 3 Graham Road, Inner Kaiti, Gisbor","EQC - 3 Graham Road, Inner Kaiti, Gisborne, 4010, NZL",Ando Insurance Group Limited,2023-07-24,HM,Ryan Tutbury,178.040576,-38.666828,,False,
1506000.1800,1506000,1506000.1800,"EQC - 77 James Cook Drive, Welcome Bay,","EQC - 77 James Cook Drive, Welcome Bay, Tauranga, Bay of Plenty, 3112, NZL",IAG New Zealand Limited,2023-07-24,HM,Ryan Tutbury,174.6288410740001,-36.89412472299995,,False,
1506000.0147,1506000,1506000.0147,"EQC - 119 Eskridge Drive, Eskdale, Napie","EQC - 119 Eskridge Drive, Eskdale, Napier, Hawke's Bay, 4182, NZL #HBEQC",Ando Insurance Group Limited,2023-07-26,HM,Ryan Tutbury,176.845892,-39.404842,,False,
1506000.0148,1506000,1506000.0148,"EQC - 313 Durham Drive, Havelock North,","EQC - 313 Durham Drive, Havelock North, Hawke's Bay, 4130, NZL #HBEQC",Ando Insurance Group Limited,2023-07-27,HM,Ryan Tutbury,176.906262,-39.688698,,False,
1506000.0276,1506000,1506000.0276,"EQC - 294 Durham Drive, Havelock North","EQC - 294 Durham Drive, Havelock North, Hawke's Bay, 4130, NZL",Ando Insurance Group Limited,2023-08-02,HM,Ryan Tutbury,176.903497,-39.688091,,False,
1506000.0150,1506000,1506000.0150,"EQC - 75 Aintree Road, Havelock North, H","EQC - 75 Aintree Road, Havelock North, Hawke's Bay, 4130, NZL #HBEQC",Ando Insurance Group Limited,2023-08-03,HM,Ryan Tutbury,176.877899,-39.699482,,False,
1506000.0151,1506000,1506000.0151,"EQC - 48 Iona Road, Havelock North, Hawk","EQC - 48 Iona Road, Havelock North, Hawke's Bay, 4130, NZL #HBEQC",Ando Insurance Group Limited,2023-08-03,HM,Ryan Tutbury,176.873136,-39.681465,,False,
1506000.0277,1506000,1506000.0277,"EQC - 29 Pamela Place, Otumoetai, Tauran","EQC - 29 Pamela Place, Otumoetai, Tauranga, Bay of Plenty, 3110, NZL",Ando Insurance Group Limited,2023-08-03,HM,Ryan Tutbury,176.140962,-37.67727,,False,
1506000.0278,1506000,1506000.0278,"EQC - 1226 East Coast Road, Redvale","EQC - 1226 East Coast Road, Redvale, Auckland, 0794, NZL",Ando Insurance Group Limited,2023-08-03,AK,Philip Mathewson,174.707055,-36.694738,,False,
1506000.0279,1506000,1506000.0279,"EQC - 23 Awarua Crescent, Havelock North","EQC - 23 Awarua Crescent, Havelock North, Hawke's Bay, 4130, NZL #HBEQC",Ando Insurance Group Limited,2023-08-04,HM,Ryan Tutbury,176.889711,-39.6786,,False,
1506000.0280,1506000,1506000.0280,"EQC - 22 Crescent Road East, Ostend, Wai","EQC - 22 Crescent Road East, Ostend, Waiheke Island, Auckland, 1081, NZL",Ando Insurance Group Limited,2023-08-04,AK,Philip Mathewson,175.049473,-36.788908,,False,
1506000.0152,1506000,1506000.0152,"EQC - 450 Riverside Road, Matokitoki, Wa","EQC - 450 Riverside Road, Matokitoki, Waimata, Gisborne, 4071, NZL",Ando Insurance Group Limited,2023-08-07,HM,Ryan Tutbury,178.056448,-38.639288,,False,
1506000.0153,1506000,1506000.0153,"EQC - 69B Pirau Road, Fernhill, Hastings","EQC - 69B Pirau Road, Fernhill, Hastings, Hawke's Bay, 4183, NZL #HBEQC",Ando Insurance Group Limited,2023-08-07,HM,Ryan Tutbury,176.756187,-39.559677,,False,
1506000.0154,1506000,1506000.0154,"EQC - 69 Adams Road, Pukekohe","EQC - 69 Adams Road, Pukekohe, Auckland, 2676, NZL",Ando Insurance Group Limited,2023-08-09,AK,Philip Mathewson,174.876458,-37.199884,,False,
1506000.0155,1506000,1506000.0155,"EQC - 98D Wilson Road, Hunua","EQC - 98D Wilson Road, Hunua, Auckland, 2583, NZL",Ando Insurance Group Limited,2023-08-11,AK,Philip Mathewson,175.130161,-37.134322,,False,
1506000.0281,1506000,1506000.0281,"EQC - 34 Glasgow Terrace, Feilding","EQC - 34 Glasgow Terrace, Feilding, Manawatu-Whanganui, 4702, NZL",Ando Insurance Group Limited,2023-08-15,WN,Shirley Wang,175.549858,-40.229197,,False,
1506000.0156,1506000,1506000.0156,"EQC - 526 Fordyce Road, South Head","EQC - 526 Fordyce Road, South Head, Auckland, 0874, NZL",Ando Insurance Group Limited,2023-08-16,AK,Philip Mathewson,174.382623,-36.675371,,False,
1506000.0157,1506000,1506000.0157,EQC - 2406 Whangarei Heads Road,"EQC - 2406 Whangarei Heads Road, Whangarei Heads, Northland, 0174, NZL",Ando Insurance Group Limited,2023-08-18,AK,Philip Mathewson,174.528609,-35.831481,,False,
1506000.0158,1506000,1506000.0158,"EQC - 50A Sale St, Cockle Bay","EQC - 50A Sale St, Cockle Bay, Auckland, 2014, NZL",Ando Insurance Group Limited,2023-08-18,AK,Philip Mathewson,174.936262,-36.896449,,False,
1506000.0282,1506000,1506000.0282,"EQC -123 Somerton Road, Makauri, Gisborn","EQC - 123 Somerton Road, Makauri, Gisborne, 4071, NZL",Ando Insurance Group Limited,2023-08-18,HM,Ryan Tutbury,177.995202,-38.61518,,False,
1506000.0159,1506000,1506000.0159,"EQC - 77 Aintree Road, Havelock North, H","EQC - 77 Aintree Road, Havelock North, Hawke's Bay, 4130, NZL #HBEQC",Ando Insurance Group Limited,2023-08-31,HM,Ryan Tutbury,176.878884,-39.699785,,False,
1506000.0160,1506000,1506000.0160,"EQC - 58 Cartmel Avenue, Massey","EQC - 58 Cartmel Avenue, Massey, Auckland, 0614, NZL",Ando Insurance Group Limited,2023-09-01,AK,Philip Mathewson,174.613348,-36.840418,,False,
1506000.0161,1506000,1506000.0161,"EQC - 17 Patrick Street, Mangapapa, Gisb","EQC - 17 Patrick Street, Mangapapa, Gisborne, 4010, NZL",IAG New Zealand Limited,2023-09-06,HM,Ryan Tutbury,178.00874,-38.637744,,False,
1506000.0162,1506000,1506000.0162,"EQC - 1108 Links Road, Waiohiki, Clive,","EQC - 1108 Links Road, Waiohiki, Clive, Hawke's Bay, 4183, NZL #HBEQC",Ando Insurance Group Limited,2023-09-06,HM,Ryan Tutbury,176.841146,-39.558904,,False,
1506000.0163,1506000,1506000.0163,"EQC - 6 Glenpark Place, Havelock North,","EQC - 6 Glenpark Place, Havelock North, Hawke's Bay, 4130, NZL #HBEQC",Ando Insurance Group Limited,2023-09-07,HM,Ryan Tutbury,176.886691,-39.682658,,False,
1506000.0164,1506000,1506000.0164,"EQC - 517 Napier Road, Mangateretere, Ha","EQC - 517 Napier Road, Mangateretere, Havelock North, Hawke's Bay, 4180, NZL #HBEQC",Ando Insurance Group Limited,2023-09-08,HM,Ryan Tutbury,176.892413,-39.626496,,False,
1506000.0283,1506000,1506000.0283,EQC - 686 Kaipara Flats Road,"EQC - 686 Kaipara Flats Road, Kaipara Flats, Warkworth, Auckland, 0981, NZL",Ando Insurance Group Limited,2023-09-09,AK,Philip Mathewson,174.571804,-36.397524,,False,
1506000.0284,1506000,1506000.0284,"EQC - 2 Marua Way, Dome Forest","EQC - 2 Marua Way, Dome Forest, Warkworth, Auckland, 0981, NZL",Ando Insurance Group Limited,2023-09-09,AK,Philip Mathewson,174.614445,-36.392922,,False,
1506000.0165,1506000,1506000.0165,"EQC - 32 Hill Road, Whataupoko, Gisborne","EQC - 32 Hill Road, Whataupoko, Gisborne, 4010, NZL",Ando Insurance Group Limited,2023-09-11,HM,Ryan Tutbury,178.028973,-38.648162,,False,
1506000.0166,1506000,1506000.0166,"EQC - 61A Connaught St, Blockhouse Bay","EQC - 61A Connaught Street, Blockhouse Bay, Auckland, 0600, NZL",Ando Insurance Group Limited,2023-09-11,AK,Philip Mathewson,174.693606,-36.928345,,False,
1506000.0167,1506000,1506000.0167,"EQC - 264 Bawden Road, Dairy Flat","EQC - 264 Bawden Road, Dairy Flat, Auckland, 0792, NZL",Ando Insurance Group Limited,2023-09-14,AK,Philip Mathewson,174.667055,-36.671722,,False,
1506000.0168,1506000,1506000.0168,"EQC - 20 Cypress Place, Sunnynook","EQC - 20 Cypress Place, Sunnynook, Auckland, 0620, NZL",Ando Insurance Group Limited,2023-09-14,AK,Philip Mathewson,174.734588,-36.752141,,False,
1506000.0285,1506000,1506000.0285,"EQC - 48 Upham Street, Havelock North,","EQC - 48 Upham Street, Havelock North, Hawke's Bay, 4130, NZL #HBEQC",Ando Insurance Group Limited,2023-09-15,HM,Ryan Tutbury,176.869961,-39.67495,,False,
1506000.0286,1506000,1506000.0286,"EQC - 201 Russell Street, Whataupoko, Gi","EQC - 201 Russell Street, Whataupoko, Gisborne, 4010, NZL",Ando Insurance Group Limited,2023-09-15,HM,Ryan Tutbury,178.026111,-38.650813,,False,
1506000.0287,1506000,1506000.0287,"EQC - 2310 Homewood Rd, Homewood","EQC - 2310 Homewood Rd, Homewood, Masterton, 5872, NZL",Ando Insurance Group Limited,2023-09-19,WN,Shirley Wang,176.010687,-41.140444,,False,
1506000.0169,1506000,1506000.0169,"EQC - 247 Spencer Road, Lake Tarawera, R","EQC - 247 Spencer Road, Lake Tarawera, Rotorua, Bay of Plenty, 3076, NZL",Ando Insurance Group Limited,2023-09-20,HM,Ryan Tutbury,176.389918,-38.184883,,False,
1506000.0170,1506000,1506000.0170,"EQC - 1 Ngunguru Heights Rise, Ngunguru","EQC - 1 Ngunguru Heights Rise, Ngunguru, Northland, 0173, NZL",Ando Insurance Group Limited,2023-09-20,AK,Philip Mathewson,174.499209,-35.63167,,False,
1506000.0288,1506000,1506000.0288,"EQC - 113 Takamatua Valley Road, Can","EQC - 113 Takamatua Valley Road, Takamatua, Canterbury, 7581, NZL",Ando Insurance Group Limited,2023-09-25,CH,Anna Sleight,172.983215,-43.787493,,False,
1506000.0289,1506000,1506000.0289,"EQC - 15 Toop Street, Havelock North, Ha","EQC - 15 Toop Street, Havelock North, Hawke's Bay, 4130, NZL #HBEQC",Ando Insurance Group Limited,2023-09-28,HM,Ryan Tutbury,176.886532,-39.683622,,False,
1506000.0171,1506000,1506000.0171,"EQC - 63 Castleton Street, Birkdale","EQC - 63 Castleton Street, Birkdale, Auckland, 0626, NZL",Ando Insurance Group Limited,2023-10-02,AK,Philip Mathewson,174.714781,-36.801183,,False,
1506000.0172,1506000,1506000.0172,"EQC - 11 Kaanapali Place, Wattle Downs","EQC - 11 Kaanapali Place, Wattle Downs, Auckland, 2103, NZL",Ando Insurance Group Limited,2023-10-04,AK,Philip Mathewson,174.879721,-37.052755,,False,
1506000.0290,1506000,1506000.0290,"EQC - 91 Breaker Bay Road, Breaker Bay","EQC - 91 Breaker Bay Road, Breaker Bay, Wellington, 6022, NZL",Ando Insurance Group Limited,2023-10-05,WN,Shirley Wang,174.827313,-41.3321,Wellington City,True,
1506000.0173,1506000,1506000.0173,"EQC - 3 Reef Street, Mahurangi East","EQC - 3 Reef Street, Mahurangi East, Warkworth 0982, NZL",Ando Insurance Group Limited,2023-10-17,AK,Philip Mathewson,174.729041,-36.478463,,False,
1506000.0174,1506000,1506000.0174,"EQC - 24 Gibbs Crescent, Red Hill","EQC - 24 Gibbs Crescent, Red Hill, Papakura, Auckland, 2110, NZL",Ando Insurance Group Limited,2023-10-25,AK,Philip Mathewson,174.978127,-37.069181,,False,
1506000.0291,1506000,1506000.0291,"EQC - 35 Kent Terrace, Taradale, Napier,","EQC - 35 Kent Terrace, Taradale, Napier, Hawke's Bay, 4112, NZL #HBEQC",Ando Insurance Group Limited,2023-10-30,HM,Ryan Tutbury,176.84105,-39.527861,,False,
1506000.0292,1506000,1506000.0292,"EQC - 5 St Hill Lane, Havelock North, Ha","EQC - 5 St Hill Lane, Havelock North, Hawke's Bay, 4130, NZL",Ando Insurance Group Limited,2023-11-09,HM,Ryan Tutbury,176.886402,-39.665976,,False,
1506000.0293,1506000,1506000.0293,"EQC - 3408 State Highway 5, Te Pohue, Na","EQC - 3408 State Highway 5, Te Pohue, Napier, Hawke's Bay, 4182, NZL",Ando Insurance Group Limited,2023-11-09,HM,Ryan Tutbury,176.691672,-39.214972,,False,
1506000.0294,1506000,1506000.0294,"EQC - 16A Valley Terrace, Hamilton","EQC - 16A Valley Terrace, Hamilton Central, Hamilton, Waikato, 3204, NZL",Ando Insurance Group Limited,2023-11-22,HM,Ryan Tutbury,175.283713,-37.802069,,False,
1506000.0175,1506000,1506000.0175,"EQC - 109 Tiroroa Avenue, Te Atatu South","EQC - 109 Tiroroa Avenue, Te Atatu South, Auckland, 0610, NZL",Vero Insurance New Zealand Limited,2023-12-19,AK,Philip Mathewson,174.652693,-36.867248,,False,
1506000.0176,1506000,1506000.0176,"EQC - 330 Maungatapu Road, Maungatapu, T","EQC - 330 Maungatapu Road, Maungatapu, Tauranga, Bay of Plenty, 3112, NZL",Ando Insurance Group Limited,2023-12-21,HM,Ryan Tutbury,176.180511,-37.713988,,False,
1506000.0177,1506000,1506000.0177,"EQC - 58A Goodall St, Hillsborough","EQC - 58A Goodall St, Hillsborough, Auckland, 1042, NZL",Ando Insurance Group Limited,2024-02-03,AK,Dion Willcocks,174.75706,-36.927235,,False,
1506000.0178,1506000,1506000.0178,"EQC - 52 Rosewarne Crescent, Glendene","EQC - 52 Rosewarne Crescent, Glendene, Auckland, 0602, NZL",Ando Insurance Group Limited,2024-03-05,AK,Philip Mathewson,174.653185,-36.897666,,False,
1506000.0179,1506000,1506000.0179,"EQC - 4 Selwyn Road, Havelock North, Haw","EQC - 4 Selwyn Road, Havelock North, Hawke's Bay, 4130, NZL",Ando Insurance Group Limited,2024-03-11,HM,Ryan Tutbury,176.875272,-39.684294,,False,
1506000.0180,1506000,1506000.0180,"EQC - 24A Gardner Place, Inner Kaiti","EQC - 24A Gardner Place, Inner Kaiti, Gisborne, 4010, NZL",Ando Insurance Group Limited,2024-04-10,HM,Ryan Tutbury,178.037842,-38.666545,,False,
1506000.0295,1506000,1506000.0295,"EQC - 7 Ailsa Street, Te Kuiti, Waikato","EQC - 7 Ailsa Street, Te Kuiti, Waikato, 3910, NZL",Ando Insurance Group Limited,2024-04-12,HM,Ryan Tutbury,175.155306,-38.334347,,False,
1506000.0181,1506000,1506000.0181,"EQC - 45 Marlborough Street, Mount Eden","EQC - 45 Marlborough Street, Mount Eden, Auckland, 1024, NZL",Ando Insurance Group Limited,2024-05-02,AK,Philip Mathewson,174.747954,-36.876822,,False,
1506000.0296,1506000,1506000.0296,"NHC - 69B Pirau Road, Fernhill, Ha","NHC - 69B Pirau Road, Fernhill, Hastings, Hawke's Bay, 4183",Ando Insurance Group Limited,2024-07-08,HM,Ryan Tutbury,176.755853,-39.559674,,False,
1506000.0297,1506000,1506000.0297,"NHC - 9 Vandes Way, Concord, Dunedin,","NHC - 9 Vandes Way, Concord, Dunedin, Otago, 9018, NZL",Ando Insurance Group Limited,2024-11-05,HM,Hannah Udell,170.456762,-45.905306,,False,
1506000.0182,1506000,1506000.0182,"NHC - 22 Richardson Avenue, Whataupoko,","NHC - 22 Richardson Avenue, Whataupoko, Gisborne, 4010, NZL",Ando Insurance Group Limited,2024-11-11,HM,Ryan Tutbury,178.035238,-38.654592,,False,
1506000.0298,1506000,1506000.0298,"NHC - 56 Ngapuhi Road, Remuera, Auckland","NHC - 56 Ngapuhi Road, Remuera, Auckland",Ando Insurance Group Limited,2024-12-12,AK,Dion Willcocks,174.815052,-36.87475,,False,
1506000.0183,1506000,1506000.0183,"NHC - 14 Adams Road, Whataupoko, Gisborn","NHC - 14 Adams Road, Whataupoko, Gisborne, 4010, NZL",Ando Insurance Group Limited,2025-01-28,HM,Ryan Tutbury,178.036312,-38.653092,,False,
1506000.0184,1506000,1506000.0184,"NHC - 39 Gladys Avenue, Auckland","NHC - 39 Gladys Avenue, Auckland",Ando Insurance Group Limited,2025-03-12,AK,Dion Willcocks,174.715958,-36.778225,,False,
1506000.0299,1506000,1506000.0299,"NHC - 101 Bachelors Road, Little River","NHC - 101 Bachelors Road, Little River, Canterbury",Ando Insurance Group Limited,2025-04-08,CH,Anna Sleight,172.782657,-43.725982,,False,
1506000.0300,1506000,1506000.0300,"NHC - 863 Governors Bay Road, Lyttelton","NHC - 863 Governors Bay Road, Te Rapaki-o-Te Rakiwhakaputa, Lyttelton, Canterbury, 8971, NZL",Ando Insurance Group Limited,2025-05-14,WN,Shirley Wang,172.655571,-43.618333,,False,
1506000.0301,1506000,1506000.0301,"NHC - 31 Ward Street, Te Kuiti, Waikato","NHC - 31 Ward Street, Te Kuiti, Waikato, 3910, NZL",Ando Insurance Group Limited,2025-05-19,TG,Zhi Chye,175.160746,-38.334816,,False,
1506000.0185,1506000,1506000.0185,"NHC - 26B Laburnum Glen, Mount Maunganui","NHC - 26B Laburnum Glen, Mount Maunganui, Bay of Plenty, 3116, NZL",Ando Insurance Group Limited,2025-07-04,TG,Ryan Tutbury,176.216886,-37.68228,,False,
1506000.0186,1506000,1506000.0186,"NHC - 84 Riversdale Drive, Merrilands","NHC - 84 Riversdale Drive, Merrilands, New Plymouth, Taranaki",Ando Insurance Group Limited,2025-07-07,WN,Shirley Wang,174.10689,-39.061062,,False,
1506000.0302,1506000,1506000.0302,"NHC - 186 Whanganui River Road, Taumarun","NHC - 186 Whanganui River Road, Taumarunui, Manawatu-Whanganui, 3991, NZL",Ando Insurance Group Limited,2025-07-24,WN,Shirley Wang,175.246286,-38.895572,,False,
1506000.0303,1506000,1506000.0303,"NHC - 16 Ohawe Terrace, Ohawe, Hāwera","NHC - 16 Ohawe Terrace, Ohawe, Hāwera, Taranaki, 4671, NZL",Ando Insurance Group Limited,2025-07-25,WN,Shirley Wang,174.197636,-39.583319,,False,
1506000.0304,1506000,1506000.0304,"NHC - 352 Junction Road, Burgess Park","NHC - 352 Junction Road, Burgess Park, New Plymouth, Taranaki, 4371, NZL",Ando Insurance Group Limited,2025-08-14,WN,Shirley Wang,174.109553,-39.100181,,False,
1506000.0187,1506000,1506000.0187,"NHC - 11A Appleyard Crescent, Meadowbank","NHC - 11A Appleyard Crescent, Meadowbank, Auckland",Ando Insurance Group Limited,2025-09-30,AK,Stefan Huszak,174.828478,-36.87129,,False,
1506000.0188,1506000,1506000.0188,"NHC - 37 Bateleur Close, Welcome Bay, Ta","NHC - 37 Bateleur Close, Welcome Bay, Tauranga, Bay of Plenty, 3112, NZL",Ando Insurance Group Limited,2026-01-22,TG,Zhi Chye,176.187906,-37.732433,,False,
1506000.0189,1506000,1506000.0189,"NHC - 349A Waitao Road, Waitao, Bay of P","NHC - 349A Waitao Road, Waitao, Bay of Plenty, 3175, NZL",Ando Insurance Group Limited,2026-01-27,TG,Zhi Chye,176.235242,-37.747722,,False,
1506000.0190,1506000,1506000.0190,"NHC - 447 Wright Road, Matakana, AKL","NHC - 447 Wright Road, Matakana, AKL",Ando Insurance Group Limited,2026-01-28,AK,Stefan Huszak,174.674884,-36.343939,,False,
1506000.0191,1506000,1506000.0191,"NHC - 158 Stewart Road, Whakamārama, Bay","NHC - 158 Stewart Road, Whakamārama, Bay of Plenty, 3181, NZL",Ando Insurance Group Limited,2026-01-30,TG,Hannah Udell,175.977834,-37.634212,,False,
1506000.0192,1506000,1506000.0192,"NHC - 115A Waitaha Road, Welcome Bay, Ba","NHC - 115A Waitaha Road, Welcome Bay, Bay of Plenty, 3112, NZL",Ando Insurance Group Limited,2026-02-03,TG,Hannah Udell,176.190568,-37.729656,,False,
1506000.0193,1506000,1506000.0193,"NHC - 161 Bluff Road, Kūaotunu West, Whi","NHC - 161 Bluff Road, Kūaotunu West, Whitianga, Waikato, 3592, NZL",Ando Insurance Group Limited,2026-02-09,TG,Zhi Chye,175.692631,-36.729665,,False,
1506000.0305,1506000,1506000.0305,"NHC - 117A Newcastle Street, Māhia, HB","NHC - 117A Newcastle Street, Māhia, Hawke's Bay, 4198, NZL",Ando Insurance Group Limited,2026-02-17,AK,Stefan Huszak,177.877858,-39.084157,,False,
1506000.0306,1506000,1506000.0306,"NHC - 120 Manuka Street, Stokes Valley","NHC - 120 Manuka Street, Stokes Valley, Lower Hutt, Wellington, 5019, NZL",Ando Insurance Group Limited,2026-02-24,WN,Shirley Wang,174.989677,-41.185935,Lower Hutt City,True,
1506000.0194,1506000,1506000.0194,"NHC - 2 Koutunui Road, Athenree, Waihi B","NHC - 2 Koutunui Road, Athenree, Waihi Beach, Bay of Plenty, 3177, NZL",Ando Insurance Group Limited,2026-03-03,TG,Zhi Chye,175.957012,-37.445773,,False,
1506000.0307,1506000,1506000.0307,"NHC - 15 Malters Place, Browns Bay, Auck","NHC - 15 Malters Place, Browns Bay, Auckland, 0630, NZL",Ando Insurance Group Limited,2026-03-05,AK,Stefan Huszak,174.733448,-36.725542,,False,
1506000.0308,1506000,1506000.0308,"NHC - 100 Bachelors Road, Little River","NHC - 100 Bachelors Road, Little River, Canterbury, 7591, NZL",Ando Insurance Group Limited,2026-03-20,WN,Shirley Wang,172.782551,-43.726134,,False,
1506000.0195,1506000,1506000.0195,"NHC - 47 Whitaker Street, Otūmoetai, Tau","NHC - 47 Whitaker Street, Otūmoetai, Tauranga, Bay of Plenty, 3110, NZL",Ando Insurance Group Limited,2026-06-18,TG,Zhi Chye,176.142426,-37.674061,,False,
1506000.0196,1506000,1506000.0196,"NHC - 5138 Te Araroa Road, Hicks Bay","NHC - 5138 Te Araroa Road, Hicks Bay, Gisborne",Ando Insurance Group Limited,2026-06-19,AK,Stefan Huszak,168.950975,-46.098052,,False,
1506000.0309,1506000,1506000.0309,"NHC - 69 Walter Road, Lowry Bay, WLG","NHC - 69 Walter Road, Lowry Bay, Lower Hutt, Wellington, 5013, NZL",Ando Insurance Group Limited,2026-07-06,WN,Shirley Wang,174.914347,-41.260294,Lower Hutt City,True,
1506000.0197,1506000,1506000.0197,"NHC - 31 King Street, Parkside, Timaru,","NHC - 31 King Street, Parkside, Timaru, Canterbury, 7910, NZL",Ando Insurance Group Limited,2026-07-20,WN,Shirley Wang,171.253117,-44.405624,,False,
1506000.0000,1506000,1506000.0000,Chubb Insurance Claims,Chubb Insurance Claims,Chubb Insurance New Zealand Limited,2026-10-01,AK,James Russell,174.6288410740001,-36.89412472299995,,False,
