stratum,value,n,mean_p_any,share_p_any_over_half,share_gns_wall,share_nzmm_wall,n_claimed,share_claim_wall,suppressed,below_recorded,note
ta,Wellington City,5411,0.405,0.453,0.285,0.040,70.000,0.271,,False,
nzmm_slope_class,1,4253,0.334,0.378,0.261,0.028,30.000,0.400,,True,
nzmm_slope_class,2,851,0.785,0.854,0.398,0.112,40.000,0.175,,False,
nzmm_slope_class,3,11,0.653,0.636,0.364,0.182,0.000,,claimed,False,
nzmm_slope_class,,296,0.338,0.358,0.307,0.000,0.000,,claimed,False,
setting,interior,371,0.675,0.730,0.315,0.078,13.000,0.308,,False,
setting,no_unit,2776,0.000,0.000,0.072,0.008,11.000,0.545,,True,
setting,property_boundary,1531,0.828,0.946,0.481,0.066,30.000,0.233,,False,
setting,road_frontage,733,0.923,0.995,0.667,0.086,16.000,0.125,,False,
age_bin,not available,0,,,,,,,,,exposure rw step 8 (gen_rwt_age.py) not run for this extent
