age_bin,height_band,brick_rock,reinforced_concrete_pre_1992,crib_gabion,timber_pole_pre_1992,concrete_block,timber_pole_post_1992,garden_timber,reinforced_concrete_post_1992
pre_1970,under_1_5_m,0.20,0.20,0.05,0.10,0.10,0.00,0.35,0.00
pre_1970,1_5_to_2_5_m,0.10,0.55,0.05,0.20,0.10,0.00,0.00,0.00
pre_1970,over_2_5_m,0.10,0.60,0.00,0.25,0.05,0.00,0.00,0.00
1970_1991,under_1_5_m,0.05,0.05,0.10,0.35,0.20,0.00,0.25,0.00
1970_1991,1_5_to_2_5_m,0.05,0.05,0.10,0.55,0.25,0.00,0.00,0.00
1970_1991,over_2_5_m,0.00,0.15,0.10,0.50,0.25,0.00,0.00,0.00
1992_2004,under_1_5_m,0.00,0.00,0.05,0.00,0.20,0.40,0.35,0.00
1992_2004,1_5_to_2_5_m,0.00,0.00,0.10,0.00,0.30,0.55,0.00,0.05
1992_2004,over_2_5_m,0.00,0.00,0.05,0.00,0.15,0.65,0.00,0.15
2005_on,under_1_5_m,0.00,0.00,0.05,0.00,0.15,0.45,0.35,0.00
2005_on,1_5_to_2_5_m,0.00,0.00,0.05,0.00,0.15,0.65,0.05,0.10
2005_on,over_2_5_m,0.00,0.00,0.05,0.00,0.10,0.55,0.00,0.30
