hazard,coverage,gamma,tpi_window_m,fault_term
0.08940164875557836,4.5502959074946636e-05,0.9,600.0,mapped
0.26011388917121886,0.00019223312299766543,0.9,600.0,mapped
0.31540171532570127,0.00019223312299766543,0.9,600.0,mapped
0.34540991339553384,0.00034163350201168844,0.9,600.0,mapped
0.3761439833061773,0.0005650306066899047,0.9,600.0,mapped
0.4057388599940512,0.0011192902489111168,0.9,600.0,mapped
0.42905341839825156,0.0012635672873861016,0.9,600.0,mapped
0.4506364599727278,0.0014360102288393502,0.9,600.0,mapped
0.4789700038721249,0.0035787446819042406,0.9,600.0,mapped
0.519251758369005,0.007577533168679062,0.9,600.0,mapped
0.5562999335970966,0.007577533168679062,0.9,600.0,mapped
0.5885830767914685,0.007577533168679062,0.9,600.0,mapped
0.6207867923923563,0.008922168402381418,0.9,600.0,mapped
0.6529037547937184,0.00988085359743705,0.9,600.0,mapped
0.6832225342922934,0.010859626188456057,0.9,600.0,mapped
0.7129991947270068,0.01317677203987871,0.9,600.0,mapped
0.741022969498813,0.014903215236173127,0.9,600.0,mapped
0.7699710862536239,0.01869617710611457,0.9,600.0,mapped
0.8065754608430213,0.021738352966304327,0.9,600.0,mapped
0.8652624747567722,0.03838906689038486,0.9,600.0,mapped
