earthquake,year,name,country,sequence,comprehensive_inventory,volume_km3,volume_min_km3,volume_max_km3,volume_method,area_km2,modal_slope_deg,modal_slope_min_deg,modal_slope_max_deg,a_topo,fault_type,subevent,subevents,r0_km,r0_sd_km,r0_min_km,r0_max_km,r0_from_rupture_inversion,hypocentral_depth_km,moment_nm,moment_2sd_nm,mw
"1976, Guatemala, (Guatemala)",1976,Guatemala,Guatemala,False,True,0.13,0.115,0.145,M,61.0,18.0,14.0,19.0,0.5,SS,1,1,6.0,2.5,,,False,12.0,3.2e+20,6e+19,7.6034333188799375
"1984, Nagano, (Japan)",1984,Nagano,Japan,False,True,0.022,0.004,0.042,M,1.72,19.0,17.0,21.0,0.75,SS,1,1,3.0,1.0,,,True,4.0,2.8000000000000005e+18,2e+17,6.23143868756148
"1991, Limon, (Costa Rica)",1991,Limon,Costa Rica,False,True,0.008,0.0078,0.0082,M,8.16,20.0,19.0,23.0,0.4,R,1,1,20.0,5.0,,,False,24.0,3.8e+20,1.5e+20,7.653189064411206
"1993, Finisterre*, (PNG)",1993,Finisterre,PNG,True,True,0.16,0.147,0.173,M,56.6,32.0,29.5,34.5,1.0,R,1,3,9.5,4.0,,,False,19.0,1.4e+19,1.5e+18,6.697418690452158
"1993, Finisterre*, (PNG)",1993,Finisterre,PNG,True,True,0.16,0.147,0.173,M,56.6,32.0,29.5,34.5,1.0,R,2,3,10.0,4.0,,,False,20.0,7.2e+18,2e+18,6.504888330954179
"1993, Finisterre*, (PNG)",1993,Finisterre,PNG,True,True,0.16,0.147,0.173,M,56.6,32.0,29.5,34.5,1.0,R,3,3,12.0,4.0,,,False,24.0,1.2e+19,4e+18,6.652787497365083
"1994, Northridge, (USA)",1994,Northridge,USA,False,True,0.021,0.02,0.022,M,23.8,17.0,16.5,18.0,0.5,R,1,1,10.0,0.5,,,True,17.0,1.3e+19,2e+18,6.675962234871225
"1999, ChiChi, (Taiwan)",1999,ChiChi,Taiwan,False,True,0.45,0.26,0.64,M,128.0,31.0,27.0,33.0,0.9,R,1,1,6.0,1.5,,,True,10.0,3e+20,1e+20,7.584747503146442
"2004, Niigata*, (Japan)",2004,Niigata,Japan,True,True,0.011,0.0094,0.0126,M,12.0,14.0,13.5,14.5,0.7,R,1,2,10.0,0.5,,,True,9.0,8.8e+18,2e+18,6.562988448100112
"2004, Niigata*, (Japan)",2004,Niigata,Japan,True,True,0.011,0.0094,0.0126,M,12.0,14.0,13.5,14.5,0.7,R,2,2,12.0,1.0,,,True,12.0,3.2e+18,5e+17,6.270099985546604
"2007, Aysen*, (Chile)",2007,Aysen,Chile,True,True,0.042,0.032,0.052,M,13.0,28.0,25.0,31.5,0.85,SS,1,2,4.0,1.0,,,False,4.0,2.5e+18,7.000000000000001e+17,6.198626672448025
"2007, Aysen*, (Chile)",2007,Aysen,Chile,True,True,0.042,0.032,0.052,M,13.0,28.0,25.0,31.5,0.85,SS,2,2,4.0,1.0,,,False,,1.8e+18,5e+17,6.1035150034022045
"2008, Iwate, (Japan)",2008,Iwate,Japan,False,True,0.032,0.021,0.45,M,8.9,13.0,12.5,13.5,0.7,R,1,1,2.0,0.5,,,True,8.0,2.6e+19,2e+18,6.876648898647212
"2008, Sichuan, (China)",2008,Sichuan,China,False,True,2.3,2.05,2.55,M,712.0,31.0,28.5,34.0,1.0,R,1,1,6.0,2.0,,,True,11.0,9.5e+20,2e+20,7.918482403525898
"2010, Haiti, (Haiti)",2010,Haiti,Haiti,False,True,0.007,0.0068,0.0072,M,8.0,19.0,16.0,21.0,0.2,R,1,1,8.0,1.5,,,True,11.0,4.5e+19,1e+19,7.035475009183562
"1855, Wairapa (NZ)",1855,Wairapa,NZ,False,True,0.078,0.04,0.2,N,,25.0,21.5,26.0,0.25,SS,1,1,,,8.0,24.0,False,16.0,1.9e+21,1.2e+21,8.119169067301886
"1929, Arthur's pass (NZ)",1929,Arthur's pass,NZ,False,True,0.15,0.075,0.4,N,,34.0,30.5,35.0,1.0,SS,1,1,6.0,4.0,,,False,12.0,2.2e+19,7e+18,6.828281787214804
"1929, Buller, (NZ)",1929,Buller,NZ,False,True,0.9,0.05,0.23,N,200.0,29.0,26.5,31.5,1.0,R,1,1,5.0,4.0,,,False,10.0,3.5e+20,1.2e+20,7.629378696233517
"1931, Napier, (NZ)",1931,Napier,NZ,False,True,0.25,0.12,0.73,N,,11.0,9.5,12.5,1.0,S,1,1,7.5,5.0,,,False,15.0,4e+20,1.5e+20,7.668039994218642
"1935, Wairoa, (NZ)",1935,Wairoa,NZ,False,True,0.046,0.023,0.13,N,,14.0,12.0,16.0,1.0,S,1,1,12.0,4.0,,,False,12.0,7.5e+19,2.5e+19,7.183374175594467
"1949, Khait, (Tadjikistan)",1949,Khait,Tadjikistan,False,True,0.48,0.24,1.3,N,,33.0,30.5,35.0,1.0,R,1,1,8.0,5.0,,,False,16.0,1e+20,8e+19,7.266666666666667
"1950, Assam, (India)",1950,Assam,India,False,True,47.0,12.0,200.0,L,,33.0,30.0,35.0,1.0,R,1,1,,,4.0,12.0,False,8.0,8e+21,3e+21,8.535393324661296
"1957, Daly city, (USA)",1957,Daly city,USA,False,True,4.5e-05,2.9e-05,6.1e-05,F,0.057,9.0,7.5,9.5,0.15,SS,1,1,,,1.5,4.5,False,3.0,9e+16,3e+16,5.23616167295955
"1968, Inangahua, (NZ)",1968,Inangahua,NZ,False,True,0.027,0.013,0.07,N,,25.0,21.0,27.5,0.6,R,1,1,7.5,3.0,,,False,15.0,4.5e+19,1.5e+19,7.035475009183562
"1976, Friuli, (Italy)",1976,Friuli,Italy,False,True,0.00045,0.00022,0.0009,N,,32.0,28.5,33.0,0.65,R,1,1,4.0,1.0,,,True,4.0,6e+18,1.5e+18,6.452100833589096
"1980, Mammoth Lake*, (USA)",1980,Mammoth Lake,USA,True,True,0.0012,0.0003,0.0048,L,,27.0,18.0,33.0,1.0,N,1,3,9.0,4.0,,,False,9.0,2.9e+18,1e+18,6.241598665265972
"1980, Mammoth Lake*, (USA)",1980,Mammoth Lake,USA,True,True,0.0012,0.0003,0.0048,L,,27.0,18.0,33.0,1.0,N,2,3,14.0,4.0,,,False,,1.3e+18,4e+18,6.009295568204558
"1980, Mammoth Lake*, (USA)",1980,Mammoth Lake,USA,True,True,0.0012,0.0003,0.0048,L,,27.0,18.0,33.0,1.0,N,3,3,15.0,4.0,,,False,,1.1e+18,3e+18,5.96092845677215
"1980, Coalinga, (USA)",1980,Coalinga,USA,False,True,0.002,0.0005,0.008,L,,12.0,10.5,13.5,0.5,R,1,1,9.0,2.5,,,False,9.0,6e+18,2e+18,6.452100833589096
"1987, Reventador, (Ecuador)",1987,Reventador,Ecuador,False,True,0.1,0.025,0.4,L,,25.0,22.5,29.0,1.0,R,1,1,10.0,4.0,,,False,10.0,5.5e+19,2.5e+19,7.093575126329496
"1989, LomaPrieta, (USA)",1989,LomaPrieta,USA,False,True,0.075,0.02,0.3,L,,17.0,14.5,18.0,1.0,SS,1,1,11.0,1.5,,,True,17.0,3e+19,1e+19,6.918080836479775
"1991, Racha, (Georgia)",1991,Racha,Georgia,False,True,0.16,0.08,0.4,N,,22.0,19.5,23.0,1.0,R,1,1,7.0,1.5,,,True,7.0,3.2e+19,1e+19,6.9367666522132705
"1994, Arthur's Pass, (NZ)",1994,Arthur's Pass,NZ,False,True,0.011,0.005,0.028,N,,34.0,32.5,36.0,1.0,R,1,1,9.0,3.0,,,False,9.0,1.3e+19,3e+18,6.675962234871225
"1997, Umbria-Marche, (Italy)",1997,Umbria-Marche,Italy,False,True,3.2e-06,1.5e-06,6e-06,F,,15.0,12.0,18.0,0.8,N,1,2,5.0,1.0,,,False,5.0,5e+17,1e+17,5.7326466695573455
"1997, Umbria-Marche, (Italy)",1997,Umbria-Marche,Italy,False,True,3.2e-06,1.5e-06,6e-06,F,,15.0,12.0,18.0,0.8,N,2,2,4.0,1.0,,,True,4.0,1.2e+18,2e+17,5.986120830698416
"2002, Avaj, (Iran)",2002,Avaj,Iran,False,True,0.0005,0.00013,0.002,B,,16.0,14.5,17.0,0.27,R,1,1,8.0,2.0,,,False,8.0,7e+18,2e+18,6.496732026676171
"2002, Denali, (USA)",2002,Denali,USA,False,True,0.12,0.06,0.32,N,160.0,28.0,24.0,30.0,0.65,SS-supershear,1,1,6.0,3.0,,,True,8.0,7.5e+20,1.3e+20,7.850040842261134
"2003, Fiorland (NZ)",2003,Fiorland,NZ,False,True,0.0057,0.0045,0.0072,N,,32.0,28.5,33.0,0.3,R,1,1,20.0,2.0,,,True,21.0,7.5e+19,2.5e+19,7.183374175594467
"2004, Rotoehu, (NZ)",2004,Rotoehu,NZ,False,True,4e-05,1.8e-05,8e-05,P,,9.0,8.0,9.5,0.2,N,1,1,5.0,3.0,,,False,5.0,2.3e+17,8e+16,5.507818557345062
"2005, Kashmir, (Pakistan)",2005,Kashmir,Pakistan,False,True,0.53,0.13,2.0,B,,34.0,31.5,35.0,1.0,R,1,1,5.0,1.0,,,True,11.0,2.5e+20,5e+19,7.531960005781358
"2009, L'Aquila, (Italy)",2009,L'Aquila,Italy,False,True,1e-06,8e-07,2e-06,F,,16.0,14.5,17.5,0.65,N,1,1,11.0,2.5,,,True,10.0,3.5e+18,5e+17,6.296045362900184
"2010, Cucapah, (Mexico)",2010,Cucapah,Mexico,False,True,0.0027,0.0024,0.003,F,,25.0,22.0,27.5,0.08,SS,1,1,6.0,2.0,,,True,6.0,1e+20,2e+19,7.266666666666667
"2010, Yushu, (China)",2010,Yushu,China,False,True,0.003,0.001,0.005,F,1.2,15.0,12.0,16.0,0.85,SS-supershear,1,1,5.0,3.0,,,True,17.0,2.3e+19,3e+18,6.841151890678395
"2011, Nagano, (Japan)",2011,Nagano,Japan,False,True,0.0006,0.00041,0.0008,F,0.61,15.0,12.5,16.0,1.0,R,1,1,8.0,2.0,,,False,8.0,2.5e+18,8e+17,6.198626672448025
"2011, Lorca, (Spain)",2011,Lorca,Spain,False,True,3.5e-06,2e-06,8e-06,P,,15.0,14.0,18.0,0.35,SS,1,1,3.0,1.0,,,False,3.0,6.3e+16,1.5e+16,5.132893699635721
"2013, Lushan, (China)",2013,Lushan,China,False,True,0.006,0.0015,0.024,B,,19.0,16.5,21.5,0.8,R,1,1,13.0,3.0,,,False,13.0,1e+19,3e+18,6.6
"2013, Minxian, (China)",2013,Minxian,China,False,True,0.0008,0.0005,0.0011,F,0.76,18.0,17.0,20.0,1.0,R,1,1,10.0,4.0,,,False,10.0,1.2e+18,4e+17,5.986120830698416
