earthquake,comprehensive_inventory,volume_km3,area_km2,landslide_number_log10,mapping,mean_asperity_depth_r0_km,hypocentral_depth_km,modal_slope_deg,a_topo,moment_1e19_nm_and_fault_type,landslide_types,main_lithology,climatic_setting,geomorphology_ref,seismology_ref
"1976, Guatemala, (Guatemala)",True,0.13 (0.115 – 0.145) (M),61,3-4,(<1m),6 (2.5),12,18 (14 – 19),0.5,32 (6) {SS},"RS, RA, DSS, RF, SS",Volcanoclastic,Montane Temperate,"Harp et al., 1981","Kikuchi and Kanamori, 1991"
"1984, Nagano, (Japan)",True,0.022 (0.004 – 0.042) (M),1.72,2-3 (1m),(<1m),3(1) !,4,19 (17 – 21),0.75,0.28 (0.02) {SS},"RA, DSS, SA",Volcanoclastic,Temperate,"PWRI, 2010","Yoshida and Koketsu, 1990"
"1991, Limon, (Costa Rica)",True,8.0e-3 (7.8e-3 – 8.2e-3) (M),8.16,3 (30m),(30m) No Field,20 (5),24,20 (19 – 23),0.4,38 (15) (R),"DSS, SA, RA",Sedimentary,Tropical,This study,"Goes et al., 1993 ; Suarez et al., 1995"
"1993, Finisterre*, (PNG)",True,0.16 (0.147 – 0.173) (M),56.6,3-4 (20m),(20m) No Field,9.5 (4) / 10 (4) / 12 (4),19 / 20 / 24,32 (29.5 – 34.5),1,1.4 (0.15) + 0.72 (0.2) + 1.2 (0.4) {R},"RA, DSS, SA, RS",Volcanoclastic,Tropical,"Meunier et al., 2008","Stevens et al., 1998"
"1994, Northridge, (USA)",True,0.021 (0.02 – 0.022) (M),23.8,4 (1m),(<1m),10 (0.5) !,17,17 (16.5 - 18),0.5,1.3 (0.2) {R},"DSS, RF, RA, RS",Sedimentary,Dry Mediterranenan,"Harp and Jibson, 1996","Wald et al., 1996"
"1999, ChiChi, (Taiwan)",True,0.45 (0.26 – 0.64) (M),128,4-5,(15m),6 (1.5) !,10,31 (27-33),0.9,30 (10) {R},"RA, DSS, SA, RS",Metasedimetary,Sub Tropical,"Liao and Lee, 2000","Zeng and Chen., 2001"
"2004, Niigata*, (Japan)",True,0.011 (0.0094 – 0.0126) (M),12,4,(<1m),10 (0.5) ! / 12(1)!,9 / 12,14 (13.5 – 14.5),0.7,0.88 (0.2) + 0.32 (0.05) {R},"RA, DSS, SA, RS",Sedimentary / Volcaniclastics,Oceanic Temperate,"Yagi et al., 2007","Hikima and Koketsu, 2005"
"2007, Aysen*, (Chile)",True,0.042 (0.032 – 0.052 ) (M),13,2-3,(1-2m) No Field,4(1) / 4 (1),4 /,28 (25 – 31.5),0.85,0.25 (0.07) + 0.18 (0.05) {SS},"RA, DSS, RF",Igneous / Volcanoclastic,Temperate,"Gorum et al., 2014","Legrand et al., 2011"
"2008, Iwate, (Japan)",True,0.032 (0.021 – 0.45) (M),8.9,3,(<1m),2 (0.5) !,8,13 (12.5 – 13.5),0.7,2.6 (0.2) {R},"RA, DSS, SA, RS",Volcanoclastic / Igneous,Oceanic Temperate,"Yagi et al., 2009","Suzuki et al., 2010"
"2008, Sichuan, (China)",True,2.3 (2.05 – 2.55) (M),712,5,(15m),6 (2) !,11,31 (28.5-34),1,95 (20) {R},"RA, DSS, SA, RS",Metasedimetary / Igneous,Cool Sub Tropical,"Gorum et al., 2011","Fielding et al., 2013"
"2010, Haiti, (Haiti)",True,7e-3 (6.8e-3 – 7.2e-3) (M),8,3-4,(1-2m),8(1.5) !,11,19 (16 – 21),0.2,4.5 (1) {R},"DSS, RF, RA",Sedimentary / Limestone,Tropical,"Gorum et al., 2013","Hashimoto et al., 2013"
"1855, Wairapa (NZ)",False,0.078 (0.04 – 0.2) (N),x,>2 ?,G,? (8-24),16,25 (21.5-26),0.25,190 (120) {SS},"RA, RS, DSS, SA, RF",Sedimentary,Oceanic Temperate,"Hancox et al., 1997","Darby and Beanland, 1992"
"1929, Arthur's pass (NZ)",False,0.15 (0.075 - 0.4 ) (N),x,2-4,G,6 (4),12,34(30.5-35),1,2.2 (0.7){SS},"RA, RS,",Metasedimetary,Oceanic Temperate,"Hancox et al., 1997","Berryman and Villamor, 2004"
"1929, Buller, (NZ)",False,0.9 (0.05 – 0.23) (N),200,3-4,G,5 (4),10,29(26.5-31.5),1,35 (12) {R},"RA, RS, DSS, SA,",Sedimentary,Oceanic Temperate,"Pearce and O'Loughlin, 1985 ; Hancox et al., 1997",Doser et al. 1999
"1931, Napier, (NZ)",False,0.25 (0.12 – 0.73) (N),x,>2 ?,G,7.5 (5),15,11(9.5-12.5),1,40(15) {S},"RA, RF",Sedimentary,Oceanic Temperate,"Hancox et al., 1997","McGinty et al., 2001"
"1935, Wairoa, (NZ)",False,0.046 (0.023 – 0.13) (N),x,>2 ?,G,12 (4),12,14 (12-16),1,7.5(2.5) {S},"DSS, RF, RA",Sedimentary,Oceanic Temperate,"Hancox et al., 1997","McGinty et al., 2001"
"1949, Khait, (Tadjikistan)",False,0.48 (0.24 – 1.3) (N),x,>2 ?,G,8 (5),16,33 (30.5-35),1,10 (8) {R},"RA, SA, RF, DSS",Metamorphic / Loess,Semi-arid,"Evans et al., 2009","Januzakov et al., 2003"
"1950, Assam, (India)",False,47 (12 – 200) (L),x,>2 ?,G,? (4-12),8,33 (30-35),1,800 (300*) {R},"RA, RS, DSS, SA, EF",Sedimentary,Tropical,"Mathur, 1953","Molnar and Qidong, 1984"
"1957, Daly city, (USA)",False,4.5e-5 (2.9e-5 – 6.1e-5) (F),0.057,1-2,G,? (1.5-4.5),3,9 (7.5-9.5),0.15,9e-3 (3e-3*) {SS},"RA, RS, DSS, EF",Sedimentary,Dry Mediterranenan,"Bonilla, 1960","Bonilla, 1960"
"1968, Inangahua, (NZ)",False,0.027 (0.013 – 0.07) (N),x,2-3,G,7.5 (3),15,25 (21- 27.5),0.6,4.5 (1.5) {R},"RA, DSS, RF",Sedimentary,Oceanic Temperate,"Hancox et al., 1997","Anderson et al., 1994"
"1976, Friuli, (Italy)",False,4.5 e-4 (2.2e-4 - 9e-4) (N),x,2,G,4 (1) !,4,32 (28.5-33),0.65,0.6 (0.15) {R},"RF, RA",Limestone,Mediterranenan,"Govi and Sorzana, 1977","Cheloni et al., 2012"
"1980, Mammoth Lake*, (USA)",False,1.2 e-3 (3e-4 – 4.8e-3 ) (L),x,2-3,G,9 (4) / 14 (4) / 15 (4),9,27 (18 – 33),1,0.29 (0.1) + 0.13 (0.4) + 0.11 (0.3) {N},"RF, RA",Metamorphic / Igneous,Montane Temperate,"Keefer, 1994","Given et al., 1982"
"1980, Coalinga, (USA)",False,2 e-3 (0.5e-3 – 8e-3) (L),x,2-3,G,9 (2.5),9,12 (10.5-13.5),0.5,0.6 (0.2) {R},"RF, RA, RS, DSS",Sedimentary,Dry Mediterranenan,"Keefer, 1994","Stein and Ekstrom, 1992"
"1987, Reventador, (Ecuador)",False,0.1 (0.025-0.4) (L),x,>2 ?,G,10 (4),10,25(22.5-29),1,5.5 (2.5) {R},"DSS, SA, RA",Volcanoclastic / Sedimentary,Tropical,"Schuster et al., 1996","Kawakatsu and Cadena, 1991"
"1989, LomaPrieta, (USA)",False,0.075 (0.02-0.3) (L),x,2-3,G,11(1.5) !,17,17 (14.5-18),1,3 (1*){SS},"RF, RA, RS, DSS",Sedimentary,Dry Mediterranenan,"Keefer, 1994","Wald et al., 1991"
"1991, Racha, (Georgia)",False,0.16 (0.08-0.4) (N),x,>2 ?,G,7 (1.5) !,7,22 (19.5-23),1,3.2 (1) {R},"RF, RA, DSS, EF",Limestone / Sedimetary,Humid Temperate,"Jibson et al., 1994","Tan and Taymaz, 2006"
"1994, Arthur's Pass, (NZ)",False,1.1e-2 (0.5e-2 – 2.8e-2) (N),x,2,G,9(3),9,34 (32.5-36),1,1.3 (0.3){R},"RF, RA, DSR",Metasedimetary,Oceanic Temperate,"Hancox et al., 1997","Abercombie et al., 2000"
"1997, Umbria-Marche, (Italy)",False,3.2 e-6 (1.5e-6 – 6e-6) (F),x,2,G,5(1) / 4 (1) !,5 / 4,15 (12 - 18),0.8,0.05(0.01) + 0.12 (0.02) {N},"RF, RA",Limestone,Mediterranenan,"Antonini et al., 2002","Hernandez et al., 2004"
"2002, Avaj, (Iran)",False,5 e-4 (1.3e-4 – 2e-3) (B),x,2,G,8 (2),8,16 (14.5-17),0.27,0.7 (0.2) {R},"RF, DSS, RS",Sedimentary,Arid,"Mahdavifar et al., 2006","Hamzehloo, 2005"
"2002, Denali, (USA)",False,0.12 (0.06 – 0.32) (N),160,3,G,6 (3) !,8,28 (24- 30),0.65,75 (13) {SS-supershear},"RF, RA",Sedimentary / Igneous,Periglacial,"Jibson and Harp, 2006","Elliott et al., 2007"
"2003, Fiorland (NZ)",False,5.7e-3 (4.5e-3 – 7.2e-3 ) (N),x,2-3,G,20(2) !,21,32 (28.5-33),0.3,7.5(2.5) {R},"RF, RA,DSS",Metasidementary / Igneous,Oceanic Temperate,"Hancox et al., 2003","McGinty et al., 2003"
"2004, Rotoehu, (NZ)",False,4 e-5 (1.8 e-5 – 8 e-5 ) (P),x,1-2,G,5(3),5,9 (8-9.5),0.2,0.023 (0.008) {N},"RA, DSS, SA",Volcanoclastic,Oceanic Temperate,"Hancox et al., 2004","Hancox et al., 2004"
"2005, Kashmir, (Pakistan)",False,0.53 (0.13 – 2) (B),x,3,G,5 (1) !,11,34 (31.5-35),1,25 (5){R},"RF, RA, DSS, RS",Sedimentary / Metasedimentary,Sub Tropical,"Owen et al., 2008","Pathier et al., 2006"
"2009, L'Aquila, (Italy)",False,1 e-6 (0.8e-6 -2e-6) (F),x,2,G,11 (2.5) !,10,16 (14.5-17.5),0.65,0.35 (0.05) {N},"RF, RA",Limestone,Mediterranenan,"Guzzetti et al., 2009","Cirella et al., 2009"
"2010, Cucapah, (Mexico)",False,2.7e-3 (2.4e-3 – 3e-3) (F),x,2,(2.5m),6(2) !,6,25 (22-27.5),0.08,10 (2) {SS},"? , DSS",Igneous / Volcanoclastic,Arid,"Barlow et al., 2014","Wei et al., 2011"
"2010, Yushu, (China)",False,3e-3 (1e-3 – 5e-3 ) (F),1.2,3,(0.5-2.5m),5(3) !,17,15 (12-16),0.85,2. 3 (0.3) {SS-supershear},"RA, DSS, RF, RS",Sedimentary,Alpine Sub-Arctic,"Xu et al., 2014a","Sun et al., 2013"
"2011, Nagano, (Japan)",False,6e-4 (4.1e-4 – 8e-4) (F),0.61,1-2,(<1m),8 (2),8,15 (12.5-16),1,0.25 (0.08){R},"RS, RA, DSS",Volcanoclastic,Temperate,"Has et al., 2012","Has et al., 2012"
"2011, Lorca, (Spain)",False,3.5e-6 (2e-6 - 8e-6 ) (P),x,2,G,3(1),3,15 (14-18),0.35,6.3 e -3 (1.5 e-3){SS},"RF, RA, DSS",Sedimentary,Mediterranenan,"Alfaro et al., 2012","Alfaro et al., 2012"
"2013, Lushan, (China)",False,6e-3 (1.5e-3 – 2.4e-2) (B),x,3-4,(0.5-5m),13 (3),13,19 (16.5-21.5),0.8,1 (0.3) {R},"RF, RA, DSS, SA, SS",Metasedimetary,Cool Sub Tropical,"Tang et al., 2015","Zhang et al., 2014"
"2013, Minxian, (China)",False,8e-4 (5e-4 – 1.1e-3) (F),0.76,3,(0.5m),10 (4),10,18 (17-20),1,0.12(0.04) {R},"RA, DSS, SA, RS",Sedimentary /Loess,Sub Tropical,"Xu et al., 2014b","Xu et al., 2014b"
