wall_type,height_class,im,p15,p50,published_height_m,published_fs,type_factor,height_effect,damage_state,source,basis
gravity_masonry,under_2_m,pga_g,0.3172,0.6272,6,1.1,1.0,switched,moderate,koutsoupaki_2023,"Table A5 (Fs = 1.1), R.W.6, Ux DS2 = 5% of H, read as replace because moderate damage usually leads to replacement in a claim (the lead, 2026-10-06); p15 = theta*exp(Phi^-1(0.15)*beta) from the published theta 0.6272 and beta 0.6577; height effect switched (the lead, 2026-10-07): taller walls of this type are worse, so under 2 m takes the 6 m wall and 2 m and over the 3 m wall; stone, brick and mass concrete gravity walls; the lowest rung, Anderson stone masonry 18% Very Poor"
gravity_masonry,2_m_and_over,pga_g,0.2658,0.5104,3,1.1,1.0,switched,moderate,koutsoupaki_2023,"Table A5 (Fs = 1.1), R.W.3, Ux DS2 = 5% of H, read as replace because moderate damage usually leads to replacement in a claim (the lead, 2026-10-06); p15 = theta*exp(Phi^-1(0.15)*beta) from the published theta 0.5104 and beta 0.6296; height effect switched (the lead, 2026-10-07): taller walls of this type are worse, so under 2 m takes the 6 m wall and 2 m and over the 3 m wall; stone, brick and mass concrete gravity walls; the lowest rung, Anderson stone masonry 18% Very Poor"
crib,under_2_m,pga_g,0.3098,0.5872,3,1.2,1.0,none,moderate,koutsoupaki_2023,"Table A4 (Fs = 1.2), R.W.3, Ux DS2 = 5% of H, read as replace because moderate damage usually leads to replacement in a claim (the lead, 2026-10-06); p15 = theta*exp(Phi^-1(0.15)*beta) from the published theta 0.5872 and beta 0.6171; no height effect (the lead, 2026-10-07): both height classes take the 3 m wall; concrete and timber crib; Anderson crib 13% Very Poor, between masonry and block"
crib,2_m_and_over,pga_g,0.3098,0.5872,3,1.2,1.0,none,moderate,koutsoupaki_2023,"Table A4 (Fs = 1.2), R.W.3, Ux DS2 = 5% of H, read as replace because moderate damage usually leads to replacement in a claim (the lead, 2026-10-06); p15 = theta*exp(Phi^-1(0.15)*beta) from the published theta 0.5872 and beta 0.6171; no height effect (the lead, 2026-10-07): both height classes take the 3 m wall; concrete and timber crib; Anderson crib 13% Very Poor, between masonry and block"
timber_pole_old,under_2_m,pga_g,0.4095,0.7982,6,1.3,1.0,switched,moderate,koutsoupaki_2023,"Table A3 (Fs = 1.3), R.W.6, Ux DS2 = 5% of H, read as replace because moderate damage usually leads to replacement in a claim (the lead, 2026-10-06); p15 = theta*exp(Phi^-1(0.15)*beta) from the published theta 0.7982 and beta 0.6439; height effect switched (the lead, 2026-10-07): taller walls of this type are worse, so under 2 m takes the 6 m wall and 2 m and over the 3 m wall; timber pole walls built before July 1992, unengineered or decayed; no published split, judgement"
timber_pole_old,2_m_and_over,pga_g,0.3456,0.6496,3,1.3,1.0,switched,moderate,koutsoupaki_2023,"Table A3 (Fs = 1.3), R.W.3, Ux DS2 = 5% of H, read as replace because moderate damage usually leads to replacement in a claim (the lead, 2026-10-06); p15 = theta*exp(Phi^-1(0.15)*beta) from the published theta 0.6496 and beta 0.609; height effect switched (the lead, 2026-10-07): taller walls of this type are worse, so under 2 m takes the 6 m wall and 2 m and over the 3 m wall; timber pole walls built before July 1992, unengineered or decayed; no published split, judgement"
block_rc_cantilever,under_2_m,pga_g,0.5384,1.0883,6,1.5,1.0,switched,moderate,koutsoupaki_2023,"Table A1 (Fs = 1.5), R.W.6, Ux DS2 = 5% of H, read as replace because moderate damage usually leads to replacement in a claim (the lead, 2026-10-06); p15 = theta*exp(Phi^-1(0.15)*beta) from the published theta 1.0883 and beta 0.6791; height effect switched (the lead, 2026-10-07): taller walls of this type are worse, so under 2 m takes the 6 m wall and 2 m and over the 3 m wall; concrete block and RC cantilevers; the wall type Koutsoupaki modelled, Anderson concrete masonry 5.5%"
block_rc_cantilever,2_m_and_over,pga_g,0.4378,0.8623,3,1.5,1.0,switched,moderate,koutsoupaki_2023,"Table A1 (Fs = 1.5), R.W.3, Ux DS2 = 5% of H, read as replace because moderate damage usually leads to replacement in a claim (the lead, 2026-10-06); p15 = theta*exp(Phi^-1(0.15)*beta) from the published theta 0.8623 and beta 0.654; height effect switched (the lead, 2026-10-07): taller walls of this type are worse, so under 2 m takes the 6 m wall and 2 m and over the 3 m wall; concrete block and RC cantilevers; the wall type Koutsoupaki modelled, Anderson concrete masonry 5.5%"
timber_pole_new,under_2_m,pga_g,0.5691,1.1210,3,1.5,1.3,none,moderate,koutsoupaki_2023,"Table A1 (Fs = 1.5), R.W.3, Ux DS2 = 5% of H, read as replace because moderate damage usually leads to replacement in a claim (the lead, 2026-10-06); p15 = theta*exp(Phi^-1(0.15)*beta) from the published theta 0.8623 and beta 0.654; both percentiles times 1.3 (the lead, 2026-10-06); no height effect (the lead, 2026-10-07): both height classes take the 3 m wall; engineered timber pole walls after July 1992; Anderson timber pole 2.8%"
timber_pole_new,2_m_and_over,pga_g,0.5691,1.1210,3,1.5,1.3,none,moderate,koutsoupaki_2023,"Table A1 (Fs = 1.5), R.W.3, Ux DS2 = 5% of H, read as replace because moderate damage usually leads to replacement in a claim (the lead, 2026-10-06); p15 = theta*exp(Phi^-1(0.15)*beta) from the published theta 0.8623 and beta 0.654; both percentiles times 1.3 (the lead, 2026-10-06); no height effect (the lead, 2026-10-07): both height classes take the 3 m wall; engineered timber pole walls after July 1992; Anderson timber pole 2.8%"
landscaper_timber,under_2_m,pga_g,0.3172,0.6272,6,1.1,1.0,switched,moderate,koutsoupaki_2023,"Table A5 (Fs = 1.1), R.W.6, Ux DS2 = 5% of H, read as replace because moderate damage usually leads to replacement in a claim (the lead, 2026-10-06); p15 = theta*exp(Phi^-1(0.15)*beta) from the published theta 0.6272 and beta 0.6577; height effect switched (the lead, 2026-10-07): taller walls of this type are worse, so under 2 m takes the 6 m wall and 2 m and over the 3 m wall; unconsented half-round and sleeper walls under 1.5 m; judgement, read as the lowest rung"
landscaper_timber,2_m_and_over,pga_g,0.2658,0.5104,3,1.1,1.0,switched,moderate,koutsoupaki_2023,"Table A5 (Fs = 1.1), R.W.3, Ux DS2 = 5% of H, read as replace because moderate damage usually leads to replacement in a claim (the lead, 2026-10-06); p15 = theta*exp(Phi^-1(0.15)*beta) from the published theta 0.5104 and beta 0.6296; height effect switched (the lead, 2026-10-07): taller walls of this type are worse, so under 2 m takes the 6 m wall and 2 m and over the 3 m wall; unconsented half-round and sleeper walls under 1.5 m; judgement, read as the lowest rung"
engineered_modern,under_2_m,pga_g,0.6567,1.2934,3,1.5,1.5,none,moderate,koutsoupaki_2023,"Table A1 (Fs = 1.5), R.W.3, Ux DS2 = 5% of H, read as replace because moderate damage usually leads to replacement in a claim (the lead, 2026-10-06); p15 = theta*exp(Phi^-1(0.15)*beta) from the published theta 0.8623 and beta 0.654; both percentiles times 1.5 (the lead, 2026-10-06); no height effect (the lead, 2026-10-07): both height classes take the 3 m wall; MSE, soil-nailed and large RC walls; Anderson MSE 0% of 18 walls"
engineered_modern,2_m_and_over,pga_g,0.6567,1.2934,3,1.5,1.5,none,moderate,koutsoupaki_2023,"Table A1 (Fs = 1.5), R.W.3, Ux DS2 = 5% of H, read as replace because moderate damage usually leads to replacement in a claim (the lead, 2026-10-06); p15 = theta*exp(Phi^-1(0.15)*beta) from the published theta 0.8623 and beta 0.654; both percentiles times 1.5 (the lead, 2026-10-06); no height effect (the lead, 2026-10-07): both height classes take the 3 m wall; MSE, soil-nailed and large RC walls; Anderson MSE 0% of 18 walls"
