record_id,project_number,project_name,year,location,setting,investigation,depth_min_m,depth_max_m,horizon,note,document
D01,0084137.0000,WCCR Hornsey Road footpath stage 3,2007,"Wellington (Melrose, Hornsey Road ch 300-610)",road shoulder on hillside,22 Scala + 9 window sampler probes,2.1,4.4,refusal inferred HW or less weathered rock,"2.1 m at ch 300 (SC22) and ch 525 (SC7), 4.4 m at ch 360 (SC17); deeper in a buried gully, palaeochannels and zones of deeper weathering; overlying side-tipped fill",Archive\TT\84137\WorkingMaterial\Construction cost estimates.doc
D02,0083151.0000,50-54 Hornsey Road,2003,"Wellington (Melrose, 50-54 Hornsey Road)",cut slope below path,surface exposures,1.0,2.0,base of colluvium over weathered greywacke,Slope below the path falls at 70-80°,Archive\TT\83151\LOE-54Hornsey.doc
D03,0085125.0000,5 Waerenga Road,2010,Wellington,hillside,3 hand augers + 7 Scala to refusal,1.0,3.9,Scala refusal,0.1 m topsoil or fill over 0.4-1.1 m gravelly silt colluvium,Wellington\TT Projects\85125\WorkingMaterial\85125 waerenga rpt NCP jan10.docx
D04,0082950.0000,44 Moa Point,2001,Wellington (Moa Point),toe of steep rock slope,3 Scala,1.0,2.8,base of colluvium over HW greywacke,Colluvium derived from rockfall and shallow slips from the slope above,Archive\TT\82950\Geotech assessment.doc
D05,0084239.0010,Bowen Hospital (114 Churchill Drive),2009,Wellington (Crofton Downs),hillside development,8 Scala + 2 boreholes + 3 window samplers,2.5,7.5,top of CW-HW greywacke,Fill 0-5 m; contours of rock head drawn in the report (Figure 5),Archive\TT\84239\84239.001\WorkingMaterial\090302 Draft REPORT.docx
D06,0082635.0000,22-26 The Crescent,,Wellington,hillside with infilled gully,7 Scala + 2 hand augers,1.0,3.0,Scala depth to rock,Up to 0.5 m fill/topsoil over 1.5 m clayey silt,Archive\TT\82635\002\The Crescent 22-26 GeoAsmtLtr.doc
D07,0085233.0000,60 Eastern Hutt Road,2010,Lower Hutt (Eastern Hutt Road),30° hill slope above site,test pits + Scala,1.5,2.5,HW rock in Scala (SC2 and SC4); 1.9 m in TP4,Hill slopes: about 1-2 m colluvium and residual soil over HW-CW greywacke,Wellington\TT Projects\85233\IssuedDocuments\2010 06 21 FINAL Geotech report.doc
D08,0085635.5600,Southern Landfill Stage 3 consenting,2025,Wellington (Careys Gully),hillslope and gully,boreholes including PG01,1.0,8.0,base of colluvium,"Colluvium typically about 1 m on hillslopes, thinner on steep slopes and ridges; about 8 m in the gully at PG01 under 3 m of fill; residual soil mostly stripped from steep slopes",Wellington\TT Projects\85635\85635.5600\IssuedDocuments\Reports for final lodgement\Application 1\For lodgement Dec 2025 Stage 3 landfill Application 1 Geotechnical.docx
D09,0084009.0040,Hutt City plan geotech (2 London Road),,Lower Hutt (London Road),top of cut slope,geological mapping,1.0,2.0,base of colluvium mantle,HW-MW greywacke exposed in the cut up to 15 m above the carriageway; site itself is an infilled gully,Archive\TT\84009\84009.004\IssuedDocuments\8 10 Geotech Prelim report (5 - London UPDATED).doc
D10,0083091.2010,Silverstream Stage 2 silt pond,2004,Upper Hutt (Silverstream),valley sides,investigation,0.0,5.0,thickness of extremely to highly weathered horizon,"Thin or absent on the valley floor and lower slopes, 3-5 m on the upper slopes",Archive\TT\83091\83091.201\Geotechnical Report 060904.doc
D11,0085131.0000,211 Grant Road WCC,2009,Wellington (Thorndon),15 m high cut slope,1 Scala + observation,,7.5,colluvium and CW greywacke,Colluvium and completely weathered greywacke over the upper 7.5 m of the slope,Archive\TT\85131\WorkingMaterial\Design\2009.12.07.Design Calc Sheet.kcc.doc
D12,1001240.0041,Katarina Grove reserve landslip,2022,Wellington,infilled gully,site observation,2.0,,colluvium in infilled gully,"Depth not determined, may exceed 2 m; HW rock at the slope base and either side",Wellington\TT Projects\1001240\1001240.0041\WorkingMaterial\Options report\PD_review\20220125_St_Aidans_options_report - Copy.docx
D13,1002701.0000,Belmont - Cottle 2017,2017,Lower Hutt (Belmont Quarry),top of gully,Scala (2007 and 2017),1.5,2.0,colluvium and/or CW rock,Moderately weathered rock inferred 3-5 m below rock head,Archive\TT\1002701\WorkingMaterial\kjh_PeerReviewResponse.30092017.docx
D14,0085786.0000,Z Energy Kilbirnie,2014,Wellington (Kilbirnie),flat site,boreholes + CPT,4.0,4.7,top of weathered greywacke,Colluvium / residual soil over CW sandstone; deepening to the east,Wellington\TT Projects\85786\WorkingMaterial\Geotechnical Report April 2014\Mark ups\Z Kilbirnie Geotech REPORT_Old 1.docx
D15,0085937.0030,SH2-SH58 Haywards interchange geotechnical,2015,Lower Hutt (Haywards),valley floor and fans,boreholes + CPT + Scala,2.7,13.0,top of Wellington greywacke,Along SH58 greywacke from 0 to 12.8 m depth,Wellington\TT Projects\85937\85937.003 - Geotechnical\WorkingMaterial\17.0 Geotechnical Interpretive Report\20151214 Geotechnical Interpretive Report.docx
D16,0085536.0000,141 Park Road risk,,Wellington (Miramar),alluvial basin edge,existing investigation data + 7 Scala,5.0,40.0,top of bedrock,5 m at the NW boundary to about 40 m at the SE (Park Road) boundary,Wellington\TT Projects\85536\WorkingMaterial\Letter template.docx
