record_id,source_type,reference,project_number,project_name,year,location,material_as_written,grade,unit_weight_kn_m3,c_eff_kpa,phi_eff_deg,c_eff_range_kpa,phi_eff_range_deg,su_kpa,basis,check,note,document
S01,published,"O'Riley, Brabhaharan & Stewart (2006), Seismic performance of the Terrace Tunnel approach walls, Wellington, NZSEE Conference Paper 6, Table 5.2 / Table 3",,,2006,Wellington (Terrace Tunnel),Greywacke residual soil,RS,,10,30,,,,published,False,"Quoted in T+T 1006703 and 1000024; the paper itself not yet obtained",Archive\TT\1000024\WorkingMaterial\83 Donald Bruce Road.docx
S02,published,"O'Riley, Brabhaharan & Stewart (2006), as S01",,,2006,Wellington (Terrace Tunnel),Moderately to highly weathered closely fractured greywacke sandstone,HW-MW,,70,34,,,,published,False,As S01,Archive\TT\1000024\WorkingMaterial\83 Donald Bruce Road.docx
S03,published,"O'Riley, Brabhaharan & Stewart (2006), as S01",,,2006,Wellington (Terrace Tunnel),Slightly to moderately weathered closely fractured greywacke sandstone,MW-SW,,120,36,,,,published,False,As S01,Archive\TT\1000024\WorkingMaterial\83 Donald Bruce Road.docx
S04,published,"Pender, M.J. (1977), Friction and cohesion parameters for highly and completely weathered Wellington greywacke, MWD Central Laboratories Report 2/77; abbreviated in Proc. 3rd ANZ Conference on Geomechanics, Wellington, 1980",,,1977,Wellington,Highly and completely weathered Wellington greywacke,CW-HW,,48,32,,,,laboratory,False,"Averaged best-fit straight line over the void ratios tested, as T+T reports summarise it; the report itself not yet obtained",Archive\TT\1000024\WorkingMaterial\83 Donald Bruce Road.docx
S05,practice,"Common practice as reported by T+T: Pender (1977) with the cohesion downgraded",,,,Wellington,Highly and completely weathered greywacke,CW-HW,,10,30,,,,judgement,False,"""Other practitioners have downgraded the cohesion component ... to 10 kPa leaving the frictional component more or less unchanged at 30°""",Archive\TT\1000024\WorkingMaterial\83 Donald Bruce Road.docx
S06,published,"Pender (1977) as cited in T+T 85635.5000 Table 6.1 footnote 1",85635.5000,Southern Landfill Stage 4 Development,2020,Wellington (Careys Gully),Pender value compared against moderately weathered bedrock,MW,,58,35,,,,published,True,"Differs from the 48 kPa / 32° other T+T reports quote for Pender (1977); check which Pender figure each is",Wellington\TT Projects\85635\85635.5000\WorkingMaterial\5 Geotech Interpretive report\Report\Review\20200520 85635-5000 5 Geotechnical Interpretive Report DAUM tech rev.docx
S07,published,"Read et al. (2000) as cited in T+T 85635.5000 Table 6.1 footnote 2",85635.5000,Southern Landfill Stage 4 Development,2000,Wellington,Read et al. value compared against slightly weathered to unweathered bedrock,SW-UW,,0,49,,,,published,False,Full citation not in the excerpt,Wellington\TT Projects\85635\85635.5000\WorkingMaterial\5 Geotech Interpretive report\Report\Review\20200520 85635-5000 5 Geotechnical Interpretive Report DAUM tech rev.docx
S08,tt_project,T+T Geotechnical Interpretive Report Table 6.1,85635.5000,Southern Landfill Stage 4 Development,2020,Wellington (Careys Gully),Colluvium,COL,19,2,30,,,,literature + site data + Hoek-Brown,False,"Recommended design values from papers, previous investigations, site observations and RocLab; draft under technical review",Wellington\TT Projects\85635\85635.5000\WorkingMaterial\5 Geotech Interpretive report\Report\Review\20200520 85635-5000 5 Geotechnical Interpretive Report DAUM tech rev.docx
S09,tt_project,T+T Geotechnical Interpretive Report Table 6.1,85635.5000,Southern Landfill Stage 4 Development,2020,Wellington (Careys Gully),Residual soil,RS,20,,35,,,,literature + site data + Hoek-Brown,True,"Excerpt reads ""20. 35."": one of c' and phi' is missing; 35 read as phi'",Wellington\TT Projects\85635\85635.5000\WorkingMaterial\5 Geotech Interpretive report\Report\Review\20200520 85635-5000 5 Geotechnical Interpretive Report DAUM tech rev.docx
S10,tt_project,T+T Geotechnical Interpretive Report Table 6.1,85635.5000,Southern Landfill Stage 4 Development,2020,Wellington (Careys Gully),Moderately weathered bedrock,MW,26,100,38,,,,literature + site data + Hoek-Brown,False,Compared against Pender 58 kPa / 35° (S06),Wellington\TT Projects\85635\85635.5000\WorkingMaterial\5 Geotech Interpretive report\Report\Review\20200520 85635-5000 5 Geotechnical Interpretive Report DAUM tech rev.docx
S11,tt_project,T+T Geotechnical Interpretive Report Table 6.1,85635.5000,Southern Landfill Stage 4 Development,2020,Wellington (Careys Gully),Slightly weathered to unweathered bedrock,SW-UW,27,200,48,,,,literature + site data + Hoek-Brown,False,Compared against Read et al. 0 kPa / 49° (S07); slopes compared with Grant-Taylor's Wellington regional slope performance work,Wellington\TT Projects\85635\85635.5000\WorkingMaterial\5 Geotech Interpretive report\Report\Review\20200520 85635-5000 5 Geotechnical Interpretive Report DAUM tech rev.docx
S12,tt_project,T+T design report Table 4.2,1011760.1000,WCCR 68 Hornsey Road slope retention design,,"Wellington (Melrose, 66-68 Hornsey Road)",Colluvium,COL,,3,36,,,,back-analysis,True,"Excerpt reads ""36. 3."" with the unit weight cell empty",Wellington\TT Projects\1011760\1011760.1000\WorkingMaterial\Stage 2 - Detailed design\05_Report\Reviews\66-68 Hornsey Road Design Report_for Tech Review.docx
S13,tt_project,T+T design report Table 4.2,1011760.1000,WCCR 68 Hornsey Road slope retention design,,"Wellington (Melrose, 66-68 Hornsey Road)",Residual soil (post-earthquake),RS,,0,33,,,,back-analysis,False,Deliberately reduced to reflect a looser post-earthquake state,Wellington\TT Projects\1011760\1011760.1000\WorkingMaterial\Stage 2 - Detailed design\05_Report\Reviews\66-68 Hornsey Road Design Report_for Tech Review.docx
S14,tt_project,T+T design memo and design report Table 4.2,1011760.1000,WCCR 68 Hornsey Road slope retention design,,"Wellington (Melrose, 66-68 Hornsey Road)",Completely-highly weathered greywacke,CW-HW,,20,33,,,,back-analysis,True,"Memo excerpt ""33. 20."", report excerpt ""20. 200 kPa"" (200 kPa is the ultimate bond); combined reading phi' 33, c' 20",Wellington\TT Projects\1011760\1011760.1000\WorkingMaterial\Certificate of acceptance\03 Design Report\MacMat R system\Reviews\66-68 Hornsey design memo RAR review.docx
S15,tt_project,T+T design report Table 4.2,1011760.1000,WCCR 68 Hornsey Road slope retention design,,"Wellington (Melrose, 66-68 Hornsey Road)",Moderately weathered greywacke,MW,26,40,45,,,,back-analysis,False,,Wellington\TT Projects\1011760\1011760.1000\WorkingMaterial\Stage 2 - Detailed design\05_Report\Reviews\66-68 Hornsey Road Design Report_for Tech Review.docx
S16,tt_project,T+T Geotechnical Interpretive Report Table 7.1,1020760.2000,Dept of Corrections asset management,2022,Wellington (2.7 km from the Ohariu Fault),Residually weathered to completely weathered greywacke soil,RS-CW,,4,30,,,59-220,in-situ testing + judgement,False,"c' measured higher but not relied on; use zero for retention design; E 15 MPa",Auckland\Projects\1020760\1020760.2000\IssuedDocuments\20221222 GIR\TT_1020760.2000_GT_Geotechnical interpretive report Final.docx
S17,tt_project,T+T Geotechnical Interpretive Report Table 7.1,1020760.2000,Dept of Corrections asset management,2022,Wellington (2.7 km from the Ohariu Fault),Highly weathered greywacke,HW,19,10,34,,,,in-situ testing + judgement,False,"c' measured higher but not relied on; use zero for retention design; E 50-100 MPa",Auckland\Projects\1020760\1020760.2000\IssuedDocuments\20221222 GIR\TT_1020760.2000_GT_Geotechnical interpretive report Final.docx
S18,tt_project,T+T Geotechnical Interpretive Report Table 8.2,85937.0030,SH2-SH58 Haywards interchange geotechnical,2015,Lower Hutt (Haywards),Colluvium/slope wash,COL,,6,38,,,,investigation + laboratory,True,"Excerpt reads ""38. 6."" with the unit weight cell empty",Wellington\TT Projects\85937\85937.003 - Geotechnical\WorkingMaterial\17.0 Geotechnical Interpretive Report\20151214 Geotechnical Interpretive Report.docx
S19,tt_project,T+T Geotechnical Interpretive Report Table 8.2,85937.0030,SH2-SH58 Haywards interchange geotechnical,2015,Lower Hutt (Haywards),"Weak, highly to moderately weathered greywacke rock",HW-MW,24,,40,,,,investigation + laboratory,True,"Cohesion printed as ""7030"" in the excerpt, probably a value and a footnote run together",Wellington\TT Projects\85937\85937.003 - Geotechnical\WorkingMaterial\17.0 Geotechnical Interpretive Report\20151214 Geotechnical Interpretive Report.docx
S20,tt_project,T+T South Wall Design Report Rev 1 Table 6.1,1016380.0000,"1 Willis Street, Wellington",,Wellington CBD,Completely weathered greywacke,CW,20,7,27,,,,correlation + judgement,True,"Columns read in order gamma, c', phi', Es 45 MPa, K0 0.55; K0 = 1 - sin 27° supports phi' 27",Wellington\TT Projects\1016380\IssuedDocuments\South Wall Design Report Rev 1.docx
S21,tt_project,T+T South Wall Design Report Rev 1 Table 6.1,1016380.0000,"1 Willis Street, Wellington",,Wellington CBD,Highly weathered greywacke or better,HW,23,,35,,,,Hoek-Brown,False,Equivalent Mohr-Coulomb envelope from Hoek-Brown; Es 70-150 MPa,Wellington\TT Projects\1016380\IssuedDocuments\South Wall Design Report Rev 1.docx
S22,tt_project,Te Ara Tupua Stage C seawalls design report Table 6.2,1015190.0020,Te Ara Tupua - Eastern Bays Path,,Lower Hutt (Eastern Bays),Moderately weathered greywacke bedrock,MW,23,150,45,,,,correlation (CPT/SPT) + project parameters,False,E 75 MPa; parameters shared with Nga Uranga ki Pito-one,"Wellington\TT Projects\1015190\1015190.0020\WorkingMaterial\Structural\York Bay\1. Deep Foundation\NKP-TAT-THN-REP-GE-SE-000001_STAGE C_Seawalls Design Report_R3,R3L & R3LA Foundation updated .docx"
S23,tt_project,T+T WICI underpass GIR (superseded draft),85600.1000,WICI (Wellington Inner City Improvements),2012,Wellington CBD,Completely weathered greywacke,CW,,10,35,8-15,32-38,,judgement with range,False,E50 50 (30-80) MPa; draft marked superseded,Archive\TT\85600\85600.1000\WorkingMaterial\Geotechnical\02 Interpretive Report\superseeded\20121112 WICI Underpass GIR NCP edit.docx
S24,tt_project,T+T Karori GIR Table 35,0030309.0000,Ryman Karori,2019,Wellington (Karori),Moderately weathered greywacke,MW,,150,45,,,,Hoek-Brown,True,"Hoek-Brown with UCS 10 MPa, GSI 30, mi 18, D 0, 500 kPa confinement; columns read as phi' then c'",Auckland\Projects\30309\WorkingMaterial\working report\updated GIR\20190301 Karori GIR following comments changes accepted.docx
S25,tt_project,T+T Karori GIR Table 35,0030309.0000,Ryman Karori,2019,Wellington (Karori),Completely to highly weathered greywacke,CW-HW,,,,,,,Hoek-Brown,True,"Excerpt reads ""26. n/a."": values not recoverable from the excerpt; Hoek-Brown input UCS 2 MPa, GSI 20",Auckland\Projects\30309\WorkingMaterial\working report\updated GIR\20190301 Karori GIR following comments changes accepted.docx
S26,tt_project,T+T clean fill design report Table 1,85355.0010,Winstone DCR clean fill,,Wellington region (2 km from the Wellington Fault),Greywacke rock mass,RM,,500,46,,,,judgement,True,Unit weight cell empty in the excerpt,Wellington\TT Projects\85355\85355.001\WorkingMaterial\Final report incl Winaggs and GS comment\DCR Clean Fill Final Changes Tracked.docx
S27,tt_project,T+T Kelburn Viaduct geotechnical stability report,82926.0000,Kelburn Viaduct,2001,Wellington (Kelburn),Weak greywacke rock treated as a stiff soil,HW,,5,42,,,,investigation testing,False,,Archive\TT\82926\kelburn report.doc
S28,tt_project,T+T design calculation sheet,85131.0000,211 Grant Road WCC,2009,Wellington (Thorndon),Colluvium / completely weathered greywacke,COL-CW,18,2,34,,,,back-analysis,False,Back-analysis of the existing 15 m slope that failed in colluvium/CW greywacke,Archive\TT\85131\WorkingMaterial\Design\2009.12.07.Design Calc Sheet.kcc.doc
S29,tt_project,T+T design calculations,85253.0000,WCCR Athens Street walkway,2011,Wellington,Sidecast fill / colluvium,COL,18,4,34,,,,correlation checked by back-analysis,False,Scala correlation checked by Slope/W back-analysis of the existing slope,Wellington\TT Projects\85253\WorkingMaterial\Design\Design Calcs\Design Calculations Sheet.doc
S30,tt_project,T+T design calculations,85253.0000,WCCR Athens Street walkway,2011,Wellington,Residual soil,RS,18,4,36,,,,correlation checked by back-analysis,False,As S29; HW greywacke values cut off in the excerpt,Wellington\TT Projects\85253\WorkingMaterial\Design\Design Calcs\Design Calculations Sheet.doc
S31,tt_project,T+T design calculations,85243.0040,WCCR 169 Wadestown Road,2010,Wellington (Wadestown),Fill / colluvium,COL,18,,34,,,,correlation,False,,Archive\TT\85243\85243.004\WorkingMaterial\Design\Design Calculations Sheet.doc
S32,tt_project,T+T design calculations,85243.0040,WCCR 169 Wadestown Road,2010,Wellington (Wadestown),HW greywacke,HW,,,40,,,200,correlation,False,Grout-country bond 300 kPa; composite phi' 38° where embedment spans residual soil and HW,Archive\TT\85243\85243.004\WorkingMaterial\Design\Design Calculations Sheet.doc
S33,tt_project,T+T design calculations,85378.0000,WCCR Bruce Avenue,2011,Wellington (Brooklyn),HW greywacke rock,HW,,,,,,200,correlation,False,Fill gamma 18 phi' 32 on the same job,Wellington\TT Projects\85378\WorkingMaterial\Detailed Design\Calculations\Design Calculations Sheet.doc
S34,tt_project,T+T design calculations,85349.0000,WCCR Finnimore Terrace,2011,Wellington (Vogeltown),HW greywacke,HW,,,,,,200,correlation,False,Sidecast fill gamma 18 phi' 32 c' 0 on the same job,Wellington\TT Projects\85349\WorkingMaterial\3. Detailed Design\Design Calcs\Design Calculations Sheet.doc
S35,tt_project,T+T retaining wall design calculations Table 1,1003671.0000,Rangiora Avenue footpath improvement,,Wellington (Kaiwharawhara),Colluvium,COL,19,4,37,,,50,site observation + local knowledge,False,E 100 MPa,Wellington\TT Projects\1003671\WorkingMaterial\Retaining Walls\Design\Design Calculation Pack\T+T_10036711_RTW Design Calculations_ANRO_0b.docx
S36,tt_project,T+T retaining wall design calculations Table 1,1003671.0000,Rangiora Avenue footpath improvement,,Wellington (Kaiwharawhara),Greywacke rock,RM,24,1000,40,,,,site observation + local knowledge,False,,Wellington\TT Projects\1003671\WorkingMaterial\Retaining Walls\Design\Design Calculation Pack\T+T_10036711_RTW Design Calculations_ANRO_0b.docx
S37,tt_project,T+T design calculation check sheet,85061.0010,WCCR Palliser Road,2010,Wellington (Roseneath),Fill / colluvium,COL,18,0,32,,,,correlation,False,Cohesion ignored; HW greywacke values cut off in the excerpt,Wellington\TT Projects\85061\85061.001\WorkingMaterial\Detailed design\2010-01-18.Design Calc Sheet.kcc.doc
S38,tt_project,T+T design calculation check sheet,85117.0000,WCCR 5 Northland Road,2010,Wellington (Northland),Fill and colluvium over greywacke,COL,19,,29,,,,back-analysis,False,Back-analysed active-side phi' 29°; passive side 35°,Wellington\TT Projects\85117\WorkingMaterial\Design phase\Wall Design\Extension of wall_ Design Calculation Check Sheet.doc
S39,tt_project,T+T peer review response (quoting T+T 2007),1002701.0000,Belmont - Cottle 2017,2007,Lower Hutt (Belmont Quarry),Highly weathered argillite and greywacke from rock head,HW,,50,40,,,,not stated,True,Reviewer considered these too high near surface; T+T says origin in T+T (2007) not well described,Archive\TT\1002701\WorkingMaterial\kjh_PeerReviewResponse.30092017.docx
S40,tt_project,T+T peer review response,1002701.0000,Belmont - Cottle 2017,2017,Lower Hutt (Belmont Quarry),Greywacke (reduced-strength sensitivity),HW,,10,34,,,,sensitivity,False,FoS 1.5 still achieved,Archive\TT\1002701\WorkingMaterial\kjh_PeerReviewResponse.30092017.docx
S41,tt_project,T+T peer review response,1002701.0000,Belmont - Cottle 2017,2017,Lower Hutt (Belmont Quarry),"Blocky rock mass, very poor joints",RM,,246,39,,,,Hoek-Brown,False,"GSI 35, UCS 10 MPa",Archive\TT\1002701\WorkingMaterial\kjh_PeerReviewResponse.30092017.docx
S42,tt_project,T+T geotechnical report Table 5.5 (CU triaxial),85454.0010,Mill Creek wind farm investigation,2012,Wellington (Makara-Ohariu),Moderately to highly weathered siltstone and sandstone (remoulded),HW-MW,,21,38,,,,laboratory,False,"CU triaxial on remoulded sample TPTK02, 2.6 m; total c 25 kPa, phi 32°",Archive\TT\85454\85454.001\WorkingMaterial\Geotech Report and Appendices\FINAL Geotech Report_Mill Creek june2012.docx
S43,tt_project,T+T geotechnical report Table 5.5 (CU triaxial),85454.0010,Mill Creek wind farm investigation,2012,Wellington (Makara-Ohariu),Completely to highly weathered sandstone (remoulded),CW-HW,,,34,,,,laboratory,True,"Sample TPTE06, 3.7 m; total c 29 kPa, phi 30°; excerpt has one effective value, read as phi' 34",Archive\TT\85454\85454.001\WorkingMaterial\Geotech Report and Appendices\FINAL Geotech Report_Mill Creek june2012.docx
S44,tt_project,T+T report (Raumati section),84616.0000,Ontrack substation,2008,Kapiti Coast (Raumati),Slightly weathered greywacke rock mass,SW,,28,55,,,,seismic back-analysis,False,"Back-analysed from 40° slopes standing through Ohariu Fault earthquakes at 0.41 g; refers to T+T 84319.001, March 2008",Archive\TT\84616\WorkingMaterial\raumati section of REPORT.doc
S45,tt_project,T+T Geotechnical Design Report Table 7.3,1018898.3000,"19A Miller Place, Lyall Bay (Kainga Ora)",,Wellington (Lyall Bay),Colluvium,COL,,3,36,,,,not stated,True,Unit weight cell empty in the excerpt; draft,"Christchurch\TT Projects\1018898\1018898.3000\WorkingMaterial\66. 1 - 19A Miller Place, Lyall Bay\Geo\6. Reporting\GIR\MIL1 - 19A-AR104681-GT-RPT-DRAFT Geotechnical Design Report-1 COPY Karin reviewed.docx"
S46,tt_project,T+T Geotechnical Design Report Table 7.3,1018898.3000,"19A Miller Place, Lyall Bay (Kainga Ora)",,Wellington (Lyall Bay),Greywacke rock,RM,24,,45,,,,not stated,True,Cohesion cell empty in the excerpt; draft,"Christchurch\TT Projects\1018898\1018898.3000\WorkingMaterial\66. 1 - 19A Miller Place, Lyall Bay\Geo\6. Reporting\GIR\MIL1 - 19A-AR104681-GT-RPT-DRAFT Geotechnical Design Report-1 COPY Karin reviewed.docx"
S47,tt_project,T+T letter report,0001736.0000,1736,1999,Not stated,Completely weathered greywacke rock mass,CW,,20,27,,,,published (Pender 1980),True,Location not in the excerpt; assessed from Pender (1980),Archive\TT\1736\1BDH040899.LET.DOC
S48,published,"Lyndsell, Carey & Bruce (2019), SLIDE (Wellington): geotechnical laboratory testing of Wellington rock and fill materials, factual report, GNS Science Report 2019/40, Table A4.6 (p. 67)",,,2019,"Wellington (Orchy Crescent, Southgate; BH1 18.95-18.98 m)","Fill, sandy gravel with silt (EN1416a, intact core)",FILL,19.5,0,45.7,,,,laboratory,False,"Drained multistage direct shear at 76, 153 and 327 kPa, no prominent peak; shear 2 (reversal) gave c' 34.5 kPa, phi' 30.2 deg (30.3 in the text). Unit weight converted from bulk density 1.99 t/m3",doi:10.21420/YYAV-YQ36
S49,published,"Lyndsell, Carey & Bruce (2019), SLIDE (Wellington): geotechnical laboratory testing of Wellington rock and fill materials, factual report, GNS Science Report 2019/40, Table A4.6 (p. 67)",,,2019,"Wellington (Orchy Crescent, Southgate; BH1 20.65-20.68 m)","Fill, clayey gravelly silt-sand (EN1417a, intact core)",FILL,18.4,6.7,38.4,,,,laboratory,False,"As S48; shear 2 gave c' 17.2 kPa, phi' 29.5 deg. Unit weight converted from bulk density 1.88 t/m3",doi:10.21420/YYAV-YQ36
S50,published,"Lyndsell, Carey & Bruce (2019), SLIDE (Wellington): geotechnical laboratory testing of Wellington rock and fill materials, factual report, GNS Science Report 2019/40, Table A4.6 and text (pp. 67-68)",,,2019,"Wellington (Orchy Crescent, Southgate; BH1 22.15-22.20 m)","Colluvium buried beneath fill (EN1418a, intact core)",COL,19.3,28.3,27.9,,,,laboratory,True,"Shear 2 (extension) only. Table A4.6 prints c 27.9, phi 28.3; the text and Figure A4.17 give phi' 27.9 deg, c' 28.3 kPa, used here. GNS's modelling values for the same colluvium are c' 18.3, phi' 23.7 (S53). Unit weight converted from bulk density 1.97 t/m3",doi:10.21420/YYAV-YQ36
S51,published,"Lyndsell, Carey & Bruce (2019), SLIDE (Wellington): geotechnical laboratory testing of Wellington rock and fill materials, factual report, GNS Science Report 2019/40, Table A5.1b (p. 74)",,,2019,Wellington (Priscilla Crescent landslide head scarp),"Fill, <2 mm fraction remoulded loose and saturated (EN1336b, 0-2.0 mm)",FILL,,0,39.1,,34.6-41.6,,laboratory,False,"Drained direct shear at 50, 150 and 400 kPa; the range spans the 0-0.4, 0-2.0 and 0.4-2.0 mm fractions (shear 1); shear 2 gave c' 0-13.5 kPa, phi' 35.6-45.3 deg. The fill as placed is 72% gravel, so these describe its fine fraction only; block sample bulk density 2.39 t/m3",doi:10.21420/YYAV-YQ36
S52,published,"Monteith (2020), SLIDE (Wellington): risk remediation approaches for anthropogenically modified slopes in the Wellington region, GNS Science Report 2019/51, Appendix A Tables 4 and 9",,,2020,Wellington (Priscilla and Orchy Crescent fills),Fill (greywacke-derived),FILL,22,2,42,,,,laboratory (values supplied by GNS for modelling),False,"Adopted for Slide2/RS2 modelling of both fills; E 500 MPa, Poisson's ratio 0.4",doi:10.21420/07JP-Q216
S53,published,"Monteith (2020), SLIDE (Wellington): risk remediation approaches for anthropogenically modified slopes in the Wellington region, GNS Science Report 2019/51, Appendix A Table 9",,,2020,"Wellington (Orchy Crescent, base of fill)","Colluvium, inferred weak layer at the base of the fill",COL,22,18.3,23.7,,,,laboratory (values supplied by GNS for modelling),True,"From shear box testing of the Orchy Crescent borehole colluvium, yet differs from the 28.3 kPa / 27.9 deg reported for that colluvium in SR2019/40 (S50); which interpretation is intended is not stated",doi:10.21420/07JP-Q216
S54,published,"Monteith (2020), SLIDE (Wellington): risk remediation approaches for anthropogenically modified slopes in the Wellington region, GNS Science Report 2019/51, Appendix A Tables 4 and 9",,,2020,Wellington (beneath Priscilla and Orchy Crescent fills),Greywacke,RM,25,200,30,,,,not stated (values supplied by GNS for modelling),False,"Weathering grade not stated; E 5,000 MPa, Poisson's ratio 0.35",doi:10.21420/07JP-Q216
S55,published,"Monteith (2020), SLIDE (Wellington): risk remediation approaches for anthropogenically modified slopes in the Wellington region, GNS Science Report 2019/51, Appendix A Table 17",,,2020,Wellington (Ngauranga Gorge cut),"Greywacke, labelled HW-MH",HW-MW,26,100,37,,,,laboratory + GSI 40,True,"Input to Slide at GSI 40, mi 8, tensile strength 10 kPa; the label HW-MH is read as HW-MW; the UCS column (5000, 9600, 23.5 'MPa') has inconsistent units",doi:10.21420/07JP-Q216
S56,published,"Monteith (2020), SLIDE (Wellington): risk remediation approaches for anthropogenically modified slopes in the Wellington region, GNS Science Report 2019/51, Appendix A Table 17",,,2020,Wellington (Ngauranga Gorge cut),"Greywacke, labelled MH-SW",MW-SW,26,120,45,,,,laboratory + GSI 40,True,"As S55; mi 10, tensile strength 10 kPa; label MH-SW read as MW-SW",doi:10.21420/07JP-Q216
S57,published,"Monteith (2020), SLIDE (Wellington): risk remediation approaches for anthropogenically modified slopes in the Wellington region, GNS Science Report 2019/51, Appendix A Table 17",,,2020,Wellington (Ngauranga Gorge cut),"Greywacke, SW-UW",SW-UW,27,170,54,,,,laboratory + GSI 40,False,"As S55; mi 12, tensile strength 20 kPa",doi:10.21420/07JP-Q216
S58,published,"Pender (1980), triaxial tests on highly and completely weathered Wellington greywacke, as reproduced in NZ Geotechnical Society (2025), Slope stability geotechnical guidance series Unit 7C.2: Torlesse greywacke (draft for feedback, September 2025), Table 7 (p. 37)",,,1980,Wellington (five central sites),"Highly and completely weathered greywacke, void ratio 0.25-0.4",CW-HW,,58,35.7,,34.5-35.8,,laboratory,False,"Consolidated undrained triaxial, best-fit line over 24 specimens, regression coefficient 0.979; 95% limits phi' 34.5-35.8 deg, upper c' 201 kPa, lower c' zero or negative for every class (p. 38). The guide recommends c' = 0 under high groundwater for completely weathered material. Reproduced in a draft guidance; Pender (1980) itself not obtained; S04 is the averaged figure T+T reports quote","NZGS Slope stability geotechnical guidance Unit 7C.2 (draft, September 2025), Table 7"
S59,published,"Pender (1980), triaxial tests on highly and completely weathered Wellington greywacke, as reproduced in NZ Geotechnical Society (2025), Slope stability geotechnical guidance series Unit 7C.2: Torlesse greywacke (draft for feedback, September 2025), Table 7 (p. 37)",,,1980,Wellington (five central sites),"Highly and completely weathered greywacke, void ratio 0.4-0.5",CW-HW,,46,34.8,,34.6-35.0,,laboratory,False,"Consolidated undrained triaxial, best-fit line over 32 specimens, regression coefficient 0.984; 95% limits phi' 34.6-35.0 deg, upper c' 162 kPa, lower c' zero or negative for every class (p. 38). The guide recommends c' = 0 under high groundwater for completely weathered material. Reproduced in a draft guidance; Pender (1980) itself not obtained; S04 is the averaged figure T+T reports quote","NZGS Slope stability geotechnical guidance Unit 7C.2 (draft, September 2025), Table 7"
S60,published,"Pender (1980), triaxial tests on highly and completely weathered Wellington greywacke, as reproduced in NZ Geotechnical Society (2025), Slope stability geotechnical guidance series Unit 7C.2: Torlesse greywacke (draft for feedback, September 2025), Table 7 (p. 37)",,,1980,Wellington (five central sites),"Highly and completely weathered greywacke, void ratio 0.5-0.6",CW-HW,,50,33.4,,33.2-33.5,,laboratory,True,"Consolidated undrained triaxial, best-fit line over 39 specimens, regression coefficient 0.968; 95% limits phi' 33.2-33.5 deg, upper c' 39 kPa, lower c' zero or negative for every class (p. 38). The guide recommends c' = 0 under high groundwater for completely weathered material. Reproduced in a draft guidance; Pender (1980) itself not obtained; S04 is the averaged figure T+T reports quote. The upper 95% c' of 39 kPa is printed below the best fit of 50 kPa, probably a typo","NZGS Slope stability geotechnical guidance Unit 7C.2 (draft, September 2025), Table 7"
S61,published,"Pender (1980), triaxial tests on highly and completely weathered Wellington greywacke, as reproduced in NZ Geotechnical Society (2025), Slope stability geotechnical guidance series Unit 7C.2: Torlesse greywacke (draft for feedback, September 2025), Table 7 (p. 37)",,,1980,Wellington (five central sites),"Highly and completely weathered greywacke, void ratio 0.6-0.7",CW-HW,,54,30.8,,30.7-30.9,,laboratory,False,"Consolidated undrained triaxial, best-fit line over 60 specimens, regression coefficient 0.986; 95% limits phi' 30.7-30.9 deg, upper c' 128 kPa, lower c' zero or negative for every class (p. 38). The guide recommends c' = 0 under high groundwater for completely weathered material. Reproduced in a draft guidance; Pender (1980) itself not obtained; S04 is the averaged figure T+T reports quote","NZGS Slope stability geotechnical guidance Unit 7C.2 (draft, September 2025), Table 7"
S62,published,"Pender (1980), triaxial tests on highly and completely weathered Wellington greywacke, as reproduced in NZ Geotechnical Society (2025), Slope stability geotechnical guidance series Unit 7C.2: Torlesse greywacke (draft for feedback, September 2025), Table 7 (p. 37)",,,1980,Wellington (five central sites),"Highly and completely weathered greywacke, void ratio 0.7-0.8",CW-HW,,48,28.6,,28.5-28.7,,laboratory,False,"Consolidated undrained triaxial, best-fit line over 31 specimens, regression coefficient 0.969; 95% limits phi' 28.5-28.7 deg, upper c' 132 kPa, lower c' zero or negative for every class (p. 38). The guide recommends c' = 0 under high groundwater for completely weathered material. Reproduced in a draft guidance; Pender (1980) itself not obtained; S04 is the averaged figure T+T reports quote","NZGS Slope stability geotechnical guidance Unit 7C.2 (draft, September 2025), Table 7"
S63,published,"Pender (1980), triaxial tests on highly and completely weathered Wellington greywacke, as reproduced in NZ Geotechnical Society (2025), Slope stability geotechnical guidance series Unit 7C.2: Torlesse greywacke (draft for feedback, September 2025), Table 7 (p. 37)",,,1980,Wellington (five central sites),"Highly and completely weathered greywacke, void ratio 0.8-0.9",CW-HW,,36,27.1,,26.8-27.3,,laboratory,False,"Consolidated undrained triaxial, best-fit line over 7 specimens, regression coefficient 0.907; 95% limits phi' 26.8-27.3 deg, upper c' 209 kPa, lower c' zero or negative for every class (p. 38). The guide recommends c' = 0 under high groundwater for completely weathered material. Reproduced in a draft guidance; Pender (1980) itself not obtained; S04 is the averaged figure T+T reports quote","NZGS Slope stability geotechnical guidance Unit 7C.2 (draft, September 2025), Table 7"
