anchor_id,role,reference,reference_area_km2,scenario,pga_rock_g_min,pga_rock_g_max,class_word,target,predicted_adopted,predicted_committed,predicted_area
A10,rejected area fit,whole non-flat pilot,2.273516,1,0.02,0.06,minor,0.02,4.727181526856507e-06,5.8421619313712734e-08,0.018856071961104854
A11,rejected area fit,whole non-flat pilot,2.273516,intermediate,0.1,0.2,significant,0.08,0.0012411072090779767,0.0001398669712823509,0.09595657984534318
A12,upper limit; rejected area fit,whole non-flat pilot,2.273516,2,0.5,0.8,severe,0.25,0.05408806879685067,0.029592575785663662,0.19584893447173177
A16,adopted fit,whole non-flat pilot,2.273516,kaikoura_2016_wellington,0.15,0.15,none_recorded,0.001,0.0010925099075798402,9.585208350496495e-05,0.10028464630859583
A04,check,cells nearest a zone 2 polygon,0.29236,1,0.02,0.06,very_minor,0.005,5.770308497744247e-07,3.026066986606474e-09,0.011297516093256266
A05,check,cells nearest a zone 2 polygon,0.29236,intermediate,0.1,0.2,very_minor,0.005,0.0003091342281665437,1.7901789417009623e-05,0.07828268088830258
A06,check,cells nearest a zone 2 polygon,0.29236,2,0.5,0.8,minor,0.02,0.029995583726160534,0.01152889796068156,0.20539189865019614
A07,check,cells nearest a zone 3 polygon,1.509356,1,0.02,0.06,very_minor,0.005,5.1664232842522265e-06,4.968279498786844e-08,0.02423692313269047
A08,check,cells nearest a zone 3 polygon,1.509356,intermediate,0.1,0.2,minor,0.02,0.0015334733968918502,0.00015662613512210438,0.12208970698324398
A09,check,cells nearest a zone 3 polygon,1.509356,2,0.5,0.8,significant,0.08,0.0700641869961114,0.03827094155082345,0.24346919076017476
A10,check,cells nearest a zone 4 polygon,0.469548,1,0.02,0.06,minor,0.02,5.921925960417701e-06,1.212841970974422e-07,0.00633533690382386
A11,check,cells nearest a zone 4 polygon,0.469548,intermediate,0.1,0.2,significant,0.08,0.0008874349935163032,0.00016260500905988969,0.023185326372069992
A12,check,cells nearest a zone 4 polygon,0.469548,2,0.5,0.8,severe,0.25,0.017953155250475326,0.013078075357583003,0.036861575618622175
