wall_type,n_polygons,median_wall_theta_base_m_s,median_no_wall_theta_base_m_s,median_ratio,share_wall_stronger,median_wall_beta,no_wall_beta,reading,kingsbury_expects,curve
engineered_modern,14,1.2605800069269113,0.8845519129867698,1.4167408823537024,0.8571428571428571,0.6539758393413153,0.7240351548663154,stronger than no wall,stronger,adopted
timber_pole_new,151,1.0925546526713061,0.9068829781897875,1.2047360893818235,0.6821192052980133,0.6540895578385297,0.7240351548663154,about equal to no wall,stronger,adopted
block_rc_cantilever,321,0.8404191587854303,0.9568640773866844,0.817547893794499,0.29595015576323985,0.6540131374970314,0.7240351548663154,about equal to no wall,stronger,adopted
timber_pole_old,280,0.6331164160350407,0.9568640773866844,0.605878029552076,0.14285714285714285,0.6088907963740866,0.7240351548663154,weaker than no wall,between,adopted
crib,159,0.5722998144947289,0.9684022590821797,0.5314855989413914,0.10062893081761007,0.6169605840562984,0.7240351548663154,weaker than no wall,about equal,adopted
landscaper_timber,417,0.4974486125989605,0.9568640773866844,0.5044344091315528,0.11990407673860912,0.6295152128108321,0.7240351548663154,weaker than no wall,about equal,adopted
gravity_masonry,688,0.4974486125989605,0.9568640773866844,0.46648297328692395,0.06976744186046512,0.6295152128108321,0.7240351548663154,weaker than no wall,about equal,adopted
engineered_modern,14,1.2605800069269113,1.0787776188023903,1.1616674612546705,0.7142857142857143,0.6539758393413153,0.6,about equal to no wall,stronger,committed
timber_pole_new,151,1.0925546526713061,1.1060120331893195,0.9878325188929388,0.4370860927152318,0.6540895578385297,0.6,about equal to no wall,stronger,committed
block_rc_cantilever,321,0.8404191587854303,1.1669677446463145,0.6703546132307154,0.19003115264797507,0.6540131374970314,0.6,weaker than no wall,stronger,committed
timber_pole_old,280,0.6331164160350407,1.1669677446463145,0.49679429822794174,0.075,0.6088907963740866,0.6,weaker than no wall,between,committed
crib,159,0.5722998144947289,1.1810394254510586,0.43579565897041866,0.0440251572327044,0.6169605840562984,0.6,weaker than no wall,about equal,committed
landscaper_timber,417,0.4974486125989605,1.1669677446463145,0.4136148301528678,0.05515587529976019,0.6295152128108321,0.6,weaker than no wall,about equal,committed
gravity_masonry,688,0.4974486125989605,1.1669677446463145,0.38249626169922396,0.0188953488372093,0.6295152128108321,0.6,weaker than no wall,about equal,committed
engineered_modern,14,1.2605800069269113,0.14159886258092702,8.85021839053481,1.0,0.6539758393413153,1.0737466816047525,stronger than no wall,stronger,area
timber_pole_new,151,1.0925546526713061,0.14517361425637237,7.525848676205626,1.0,0.6540895578385297,1.0737466816047525,stronger than no wall,stronger,area
block_rc_cantilever,321,0.8404191587854303,0.1531745768826676,5.107128265249473,1.0,0.6540131374970314,1.0737466816047525,stronger than no wall,stronger,area
timber_pole_old,280,0.6331164160350407,0.1531745768826676,3.7848508124184033,1.0,0.6088907963740866,1.0737466816047525,stronger than no wall,between,area
crib,159,0.5722998144947289,0.1550216062998756,3.32012979977038,1.0,0.6169605840562984,1.0737466816047525,stronger than no wall,about equal,area
landscaper_timber,417,0.4974486125989605,0.1531745768826676,3.151144108369184,1.0,0.6295152128108321,1.0737466816047525,stronger than no wall,about equal,area
gravity_masonry,688,0.4974486125989605,0.1531745768826676,2.9140658256409235,1.0,0.6295152128108321,1.0737466816047525,stronger than no wall,about equal,area
