territorial_authority,suburb_locality,properties,undated,p_pre_1970,p_1970_1991,p_1992_2004,p_2005_on
Lower Hutt City,Alicetown,750,0,0.863,0.051,0.023,0.064
Lower Hutt City,Eastbourne,819,0,0.882,0.040,0.032,0.046
Lower Hutt City,Harbour View,85,0,0.576,0.388,0.035,0.000
Lower Hutt City,Korokoro,577,0,0.510,0.251,0.094,0.146
Lower Hutt City,Maungaraki,1231,0,0.555,0.293,0.089,0.063
Lower Hutt City,Melling,120,0,0.683,0.125,0.050,0.142
Lower Hutt City,Normandale,701,0,0.571,0.251,0.054,0.124
Lower Hutt City,Pencarrow Head,1,0,0.000,0.000,0.000,1.000
Lower Hutt City,Petone,2692,0,0.731,0.069,0.053,0.148
Lower Hutt City,Tirohanga,1,0,0.000,0.000,1.000,0.000
Lower Hutt City,Wainuiomata Coast,3,0,0.000,0.667,0.000,0.333
Porirua City,Cannons Creek,973,0,0.866,0.039,0.028,0.067
Porirua City,Kenepuru,574,0,0.042,0.094,0.049,0.815
Porirua City,Rānui,775,0,0.653,0.164,0.095,0.088
Wellington City,Aro Valley,823,0,0.736,0.083,0.066,0.115
Wellington City,Berhampore,882,0,0.815,0.039,0.063,0.083
Wellington City,Breaker Bay,121,0,0.926,0.008,0.025,0.041
Wellington City,Broadmeadows,570,0,0.019,0.653,0.179,0.149
Wellington City,Brooklyn,2216,0,0.597,0.155,0.113,0.135
Wellington City,Churton Park,2569,0,0.062,0.277,0.285,0.376
Wellington City,Crofton Downs,692,0,0.279,0.324,0.104,0.293
Wellington City,Glenside,130,0,0.277,0.031,0.115,0.577
Wellington City,Grenada North,189,0,0.000,0.661,0.079,0.259
Wellington City,Grenada Village,683,0,0.000,0.426,0.019,0.555
Wellington City,Hataitai,1798,0,0.846,0.049,0.042,0.062
Wellington City,Highbury,154,0,0.838,0.058,0.058,0.045
Wellington City,Horokiwi,87,0,0.195,0.586,0.115,0.103
Wellington City,Houghton Bay,375,0,0.576,0.099,0.088,0.237
Wellington City,Island Bay,2598,0,0.677,0.098,0.084,0.141
Wellington City,Johnsonville,3532,0,0.413,0.219,0.140,0.228
Wellington City,Kaiwharawhara,229,0,0.157,0.061,0.328,0.454
Wellington City,Karaka Bays,304,0,0.691,0.079,0.099,0.132
Wellington City,Karori,4957,0,0.618,0.209,0.077,0.096
Wellington City,Kelburn,1126,0,0.763,0.081,0.081,0.075
Wellington City,Khandallah,2940,0,0.518,0.220,0.133,0.129
Wellington City,Kilbirnie,954,0,0.806,0.067,0.044,0.083
Wellington City,Kingston,416,0,0.815,0.115,0.022,0.048
Wellington City,Lambton Harbour,1,0,0.000,0.000,0.000,1.000
Wellington City,Lyall Bay,996,0,0.791,0.041,0.055,0.112
Wellington City,Maupuia,358,0,0.271,0.547,0.053,0.128
Wellington City,Melrose,450,0,0.791,0.031,0.084,0.093
Wellington City,Miramar,2942,0,0.697,0.080,0.112,0.111
Wellington City,Moa Point,20,0,0.800,0.050,0.000,0.150
Wellington City,Mornington,296,0,0.841,0.020,0.054,0.084
Wellington City,Mount Cook,930,9,0.724,0.078,0.104,0.093
Wellington City,Mount Victoria,1162,0,0.767,0.087,0.077,0.070
Wellington City,Mākara,164,0,0.268,0.067,0.146,0.518
Wellington City,Mākara Beach,44,0,0.909,0.023,0.000,0.068
Wellington City,Newlands,2789,0,0.473,0.242,0.103,0.183
Wellington City,Newtown,1790,0,0.803,0.035,0.088,0.075
Wellington City,Ngaio,2016,0,0.594,0.210,0.121,0.075
Wellington City,Ngauranga,81,0,0.198,0.210,0.407,0.185
Wellington City,Northland,1148,0,0.729,0.124,0.073,0.074
Wellington City,Ohariu,176,0,0.222,0.131,0.102,0.545
Wellington City,Oriental Bay,227,0,0.595,0.132,0.132,0.141
Wellington City,Paparangi,920,0,0.665,0.179,0.065,0.090
Wellington City,Pipitea,130,0,0.369,0.115,0.246,0.269
Wellington City,Rongotai,334,0,0.889,0.024,0.051,0.036
Wellington City,Roseneath,553,0,0.714,0.094,0.087,0.105
Wellington City,Seatoun,943,0,0.624,0.116,0.128,0.133
Wellington City,Southgate,388,0,0.338,0.536,0.067,0.059
Wellington City,Strathmore Park,1159,0,0.627,0.108,0.179,0.086
Wellington City,Takapu Valley,77,0,0.078,0.312,0.390,0.221
Wellington City,Tawa,4749,0,0.530,0.233,0.092,0.144
Wellington City,Te Aro,1246,0,0.402,0.119,0.149,0.330
Wellington City,Thorndon,844,0,0.595,0.121,0.171,0.114
Wellington City,Vogeltown,300,0,0.713,0.087,0.060,0.140
Wellington City,Wadestown,1275,0,0.728,0.109,0.093,0.070
Wellington City,Wellington Central,298,0,0.396,0.268,0.195,0.141
Wellington City,Wilton,708,0,0.736,0.103,0.086,0.075
Wellington City,Woodridge,629,0,0.002,0.051,0.364,0.583
Wellington City,Ōwhiro Bay,338,0,0.580,0.062,0.172,0.186
