suburb_locality,properties,undated,p_pre_1970,p_1970_1991,p_1992_2004,p_2005_on,true_p_pre_1970,true_p_1970_1991,true_p_1992_2004,true_p_2005_on,error_p_pre_1970,error_p_1970_1991,error_p_1992_2004,error_p_2005_on
Addington,1697,0,0.2286,0.0636,0.1255,0.5822,0.2416,0.0916,0.1332,0.5336,-0.0130,-0.0280,-0.0077,0.0486
Aidanfield,1106,0,0.0000,0.0000,0.3056,0.6944,0.0000,0.0000,0.2645,0.7355,0.0000,0.0000,0.0411,-0.0411
Aranui,2231,0,0.6441,0.1766,0.0601,0.1192,0.6230,0.1599,0.0346,0.1824,0.0211,0.0167,0.0254,-0.0632
Avondale,1009,0,0.5570,0.3578,0.0436,0.0416,0.4618,0.3355,0.0575,0.1452,0.0951,0.0223,-0.0139,-0.1036
Avonhead,3140,0,0.4035,0.4500,0.0793,0.0672,0.3376,0.4611,0.1382,0.0631,0.0659,-0.0111,-0.0589,0.0041
Avonside,507,0,0.7495,0.0513,0.0631,0.1361,0.7377,0.0390,0.0301,0.1933,0.0118,0.0123,0.0330,-0.0572
Beckenham,655,0,0.7130,0.1664,0.0885,0.0321,0.7176,0.1168,0.0832,0.0824,-0.0046,0.0496,0.0053,-0.0504
Belfast,1865,0,0.1571,0.2113,0.1453,0.4863,0.1807,0.1965,0.1290,0.4938,-0.0236,0.0147,0.0164,-0.0075
Bishopdale,2939,0,0.6516,0.2423,0.0456,0.0606,0.6322,0.2680,0.0411,0.0587,0.0194,-0.0258,0.0045,0.0019
Bromley,1003,0,0.2802,0.4955,0.1535,0.0708,0.2732,0.5102,0.1299,0.0867,0.0070,-0.0147,0.0237,-0.0160
Broomfield,1023,0,0.0577,0.3392,0.0929,0.5103,0.0684,0.3233,0.0975,0.5108,-0.0108,0.0159,-0.0046,-0.0005
Bryndwr,2079,0,0.7013,0.0938,0.0736,0.1313,0.6989,0.0891,0.0545,0.1575,0.0024,0.0047,0.0191,-0.0262
Burnside,2724,0,0.6274,0.1858,0.0958,0.0910,0.5932,0.2071,0.0933,0.1063,0.0341,-0.0214,0.0025,-0.0152
Burwood,2466,0,0.3824,0.2251,0.1748,0.2178,0.3398,0.1911,0.1430,0.3260,0.0426,0.0340,0.0317,-0.1083
Casebrook,2144,0,0.2519,0.2136,0.2229,0.3116,0.2239,0.2701,0.1266,0.3794,0.0280,-0.0564,0.0963,-0.0679
Cashmere,2375,0,0.5065,0.2501,0.1592,0.0842,0.4219,0.2560,0.1442,0.1779,0.0846,-0.0059,0.0149,-0.0937
Cass Bay,145,0,0.4414,0.1448,0.2483,0.1655,0.0690,0.4810,0.1569,0.2931,0.3724,-0.3362,0.0914,-0.1276
Charteris Bay,269,0,0.6691,0.1152,0.0632,0.1524,0.4721,0.1784,0.1301,0.2193,0.1970,-0.0632,-0.0669,-0.0669
Christchurch Central,2446,0,0.1455,0.0626,0.0724,0.7195,0.1276,0.0590,0.0690,0.7445,0.0180,0.0036,0.0034,-0.0249
Clifton,394,0,0.3858,0.3198,0.1117,0.1827,0.2310,0.3249,0.1345,0.3096,0.1548,-0.0051,-0.0228,-0.1269
Cracroft,401,0,0.3416,0.0673,0.0274,0.5636,0.3267,0.0954,0.0542,0.5237,0.0150,-0.0281,-0.0268,0.0399
Dallington,673,0,0.5483,0.1724,0.0951,0.1842,0.5007,0.1601,0.0717,0.2675,0.0475,0.0123,0.0234,-0.0832
Diamond Harbour,701,0,0.5963,0.1484,0.1184,0.1369,0.3352,0.2964,0.1537,0.2147,0.2611,-0.1480,-0.0353,-0.0777
Edgeware,1413,0,0.2944,0.0566,0.1012,0.5478,0.2590,0.1081,0.0925,0.5403,0.0354,-0.0515,0.0087,0.0074
Fendalton,1307,0,0.6190,0.1255,0.1132,0.1423,0.4070,0.1431,0.1511,0.2988,0.2119,-0.0176,-0.0379,-0.1565
Governors Bay,269,0,0.3569,0.2528,0.2230,0.1673,0.2677,0.2565,0.2770,0.1989,0.0892,-0.0037,-0.0539,-0.0316
Halswell,8023,0,0.0960,0.1563,0.1362,0.6115,0.0886,0.1615,0.1059,0.6440,0.0074,-0.0052,0.0304,-0.0325
Harewood,942,0,0.1805,0.2442,0.3577,0.2176,0.1561,0.2588,0.2216,0.3636,0.0244,-0.0146,0.1361,-0.1460
Heathcote Valley,783,0,0.2184,0.2759,0.2848,0.2209,0.2158,0.2360,0.2379,0.3103,0.0026,0.0399,0.0469,-0.0894
Hei Hei,1276,0,0.4906,0.1865,0.2179,0.1050,0.4890,0.2112,0.1806,0.1191,0.0016,-0.0247,0.0372,-0.0141
Hillmorton,980,0,0.4316,0.2122,0.0571,0.2990,0.3735,0.3069,0.0671,0.2526,0.0582,-0.0946,-0.0099,0.0464
Hillsborough,939,0,0.5485,0.2364,0.1278,0.0873,0.4515,0.1976,0.0990,0.2519,0.0969,0.0389,0.0288,-0.1645
Hoon Hay,2626,0,0.5465,0.3225,0.0484,0.0826,0.5647,0.3114,0.0389,0.0849,-0.0183,0.0111,0.0094,-0.0023
Hornby,2418,0,0.4768,0.2444,0.1141,0.1646,0.4876,0.2982,0.0498,0.1644,-0.0108,-0.0538,0.0643,0.0002
Huntsbury,861,0,0.3310,0.2334,0.3182,0.1173,0.2149,0.2204,0.2001,0.3647,0.1161,0.0131,0.1182,-0.2474
Ilam,2719,0,0.6017,0.2479,0.0721,0.0783,0.5237,0.3030,0.0847,0.0886,0.0780,-0.0551,-0.0126,-0.0103
Islington,494,0,0.5729,0.2085,0.1073,0.1113,0.6073,0.2293,0.0714,0.0921,-0.0344,-0.0207,0.0359,0.0192
Kainga,215,0,0.0558,0.5721,0.3721,0.0000,0.7116,0.0907,0.0326,0.1651,-0.6558,0.4814,0.3395,-0.1651
Kennedys Bush,278,0,0.1727,0.0180,0.2734,0.5360,0.1331,0.0710,0.1969,0.5989,0.0396,-0.0531,0.0764,-0.0629
Linwood,3430,0,0.4227,0.1067,0.0749,0.3956,0.4300,0.1128,0.0507,0.4066,-0.0073,-0.0060,0.0243,-0.0109
Lyttelton,1061,0,0.5401,0.1942,0.1414,0.1244,0.6032,0.1223,0.1044,0.1701,-0.0631,0.0719,0.0370,-0.0457
Mairehau,2551,0,0.6782,0.0925,0.0470,0.1823,0.6739,0.0890,0.0598,0.1774,0.0043,0.0035,-0.0127,0.0049
Marshland,1906,0,0.0215,0.0026,0.0016,0.9743,0.0184,0.0070,0.0035,0.9711,0.0031,-0.0043,-0.0020,0.0031
Merivale,1635,0,0.4459,0.1511,0.1199,0.2832,0.2972,0.1687,0.1277,0.4064,0.1486,-0.0176,-0.0078,-0.1232
Moncks Bay,208,0,0.6250,0.1250,0.0769,0.1731,0.4663,0.1334,0.1142,0.2861,0.1587,-0.0084,-0.0373,-0.1130
Mount Pleasant,1620,0,0.3969,0.3259,0.1660,0.1111,0.2438,0.2918,0.1418,0.3225,0.1531,0.0341,0.0242,-0.2114
New Brighton,2554,0,0.5795,0.1464,0.0807,0.1934,0.4941,0.1405,0.0665,0.2989,0.0854,0.0060,0.0142,-0.1055
North New Brighton,1600,0,0.5613,0.2444,0.1037,0.0906,0.4706,0.2772,0.0828,0.1694,0.0906,-0.0328,0.0209,-0.0788
Northcote,923,0,0.5363,0.1842,0.0932,0.1863,0.5915,0.1725,0.0707,0.1652,-0.0553,0.0116,0.0225,0.0211
Northwood,1760,0,0.0131,0.0688,0.6102,0.3080,0.0159,0.0739,0.3642,0.5460,-0.0028,-0.0051,0.2460,-0.2381
Opawa,472,0,0.5784,0.2161,0.1356,0.0699,0.5572,0.1870,0.0874,0.1684,0.0212,0.0291,0.0482,-0.0985
Papanui,2047,0,0.5340,0.1021,0.1383,0.2257,0.5300,0.1165,0.1028,0.2506,0.0039,-0.0144,0.0354,-0.0249
Parklands,3385,0,0.0535,0.4142,0.3542,0.1781,0.0434,0.3839,0.2746,0.2981,0.0100,0.0303,0.0796,-0.1199
Phillipstown,1276,0,0.3660,0.0737,0.0729,0.4875,0.3832,0.1023,0.0729,0.4416,-0.0172,-0.0286,0.0000,0.0458
Redcliffs,803,0,0.3325,0.2702,0.2640,0.1333,0.2466,0.2080,0.1625,0.3829,0.0859,0.0623,0.1015,-0.2497
Redwood,2889,0,0.3413,0.4368,0.1565,0.0654,0.3157,0.4492,0.1275,0.1076,0.0256,-0.0124,0.0290,-0.0422
Riccarton,2690,0,0.2981,0.0628,0.1900,0.4491,0.2550,0.1147,0.1838,0.4465,0.0431,-0.0519,0.0061,0.0026
Richmond,1426,0,0.5407,0.0933,0.0645,0.3015,0.4916,0.0742,0.0542,0.3801,0.0491,0.0191,0.0103,-0.0785
Richmond Hill,186,0,0.1882,0.1828,0.1989,0.4301,0.1129,0.1640,0.1855,0.5376,0.0753,0.0188,0.0134,-0.1075
Russley,874,0,0.4119,0.3490,0.0984,0.1407,0.3799,0.3813,0.0872,0.1516,0.0320,-0.0323,0.0112,-0.0109
Saint Martins,1014,0,0.5779,0.1943,0.1134,0.1144,0.5513,0.1849,0.0725,0.1913,0.0266,0.0094,0.0409,-0.0769
Scarborough,286,0,0.2762,0.2832,0.2867,0.1538,0.2168,0.1984,0.2928,0.2920,0.0594,0.0848,-0.0061,-0.1381
Shirley,2029,0,0.5229,0.0611,0.2809,0.1350,0.5200,0.0697,0.1710,0.2393,0.0030,-0.0086,0.1099,-0.1042
Sockburn,1420,0,0.5380,0.2338,0.1225,0.1056,0.4880,0.2970,0.1245,0.0905,0.0500,-0.0632,-0.0019,0.0151
Somerfield,2454,0,0.5876,0.1296,0.0774,0.2054,0.6084,0.1210,0.0564,0.2141,-0.0208,0.0086,0.0210,-0.0088
South New Brighton,758,0,0.6860,0.1900,0.0726,0.0515,0.5765,0.2338,0.0406,0.1491,0.1095,-0.0439,0.0320,-0.0976
Southshore,426,0,0.6455,0.2840,0.0399,0.0305,0.2559,0.4360,0.0734,0.2347,0.3897,-0.1520,-0.0335,-0.2042
Spencerville,199,0,0.3769,0.0251,0.5980,0.0000,0.2362,0.0829,0.2688,0.4121,0.1407,-0.0578,0.3291,-0.4121
Spreydon,3438,0,0.4287,0.0832,0.1131,0.3749,0.4860,0.0820,0.0740,0.3581,-0.0573,0.0012,0.0392,0.0169
St Albans,4809,0,0.4569,0.0728,0.1231,0.3473,0.3968,0.0993,0.1003,0.4036,0.0601,-0.0265,0.0228,-0.0564
Strowan,1140,0,0.7149,0.0895,0.0956,0.1000,0.6123,0.1007,0.1002,0.1868,0.1026,-0.0112,-0.0046,-0.0868
Sumner,915,0,0.6721,0.1858,0.0689,0.0732,0.5672,0.2030,0.0828,0.1470,0.1049,-0.0172,-0.0139,-0.0738
Sydenham,2300,0,0.3609,0.0865,0.1113,0.4413,0.3630,0.1117,0.1150,0.4102,-0.0022,-0.0252,-0.0037,0.0311
Templeton,652,0,0.1472,0.3451,0.2991,0.2086,0.2055,0.3643,0.3160,0.1143,-0.0583,-0.0192,-0.0169,0.0943
Upper Riccarton,1646,0,0.5966,0.0917,0.0784,0.2333,0.5844,0.1259,0.0709,0.2187,0.0122,-0.0342,0.0074,0.0146
Waimairi Beach,441,0,0.0952,0.0113,0.6780,0.2154,0.0431,0.1349,0.4705,0.3515,0.0522,-0.1236,0.2075,-0.1361
Wainoni,814,0,0.6966,0.1106,0.0676,0.1253,0.6118,0.0967,0.0476,0.2439,0.0848,0.0138,0.0200,-0.1186
Waltham,1308,0,0.3280,0.0642,0.0910,0.5168,0.3265,0.0866,0.0988,0.4881,0.0015,-0.0224,-0.0078,0.0287
Westmorland,833,0,0.0336,0.3721,0.2221,0.3721,0.0324,0.2545,0.3289,0.3842,0.0012,0.1176,-0.1068,-0.0120
Wigram,2984,0,0.0090,0.0023,0.1317,0.8569,0.0335,0.0145,0.0916,0.8604,-0.0245,-0.0121,0.0401,-0.0035
Woolston,3936,0,0.3854,0.1997,0.1817,0.2332,0.4403,0.1905,0.1119,0.2572,-0.0549,0.0091,0.0697,-0.0240
Yaldhurst,692,0,0.0145,0.0014,0.0058,0.9783,0.0159,0.0051,0.0578,0.9212,-0.0014,-0.0036,-0.0520,0.0571
